ID PYTANIA (STAŁA);TREŚĆ PYTANIA;SŁOWA KLUCZOWE;ID SEKCJI (STAŁA)
1;Czy SFCR zawiera informacje dotyczące nazwy i formy prawnej zakładu? (art. 293 ust. 1a rozporządzenia delegowanego);"nazwa i forma prawna; Towarzystwo; Zakład; TU; ZU; TUiR; ZUiR; TUnŻ; TUnŻiR; TUW";3
2;Czy SFCR zawiera informacje dotyczące nazwy i danych kontaktowych organu nadzoru odpowiedzialnego za nadzór finansowy nad zakładem oraz w stosownych przypadkach, nazwę i dane kontaktowe organu sprawującego nadzór nad grupą, do której należy zakład?  (art. 293 ust. 1b rozporządzenia delegowanego);"organ nadzoru; nadzór nad grupą";3
3;Czy SFCR zawiera informacje dotyczące nazwy oraz danych kontaktowych biegłego rewidenta zakładu?  (art. 293 ust. 1c rozporządzenia delegowanego);"biegły rewident; audytor; audyt";3
4;Czy SFCR zawiera informacje dotyczące udziałowców posiadających znaczne pakiety akcji zakładu?  (art. 293 ust. 1d rozporządzenia delegowanego);udziałowiec;3
5;Czy SFCR zawiera informacje dotyczące nazwy i lokalizacji osób prawnych lub fizycznych, które są pośrednimi lub bezpośrednimi udziałowcami posiadającymi znaczne pakiety akcji zakładu (w tym bezpośredniej lub najwyższej jednostki dominującej lub osoby fizycznej), proporcję posiadanych udziałów oraz jeżeli jest inna, proporcję posiadanych praw do głosowania? (sek. I wyt. 1, 1.13a wytycznych EIOPA dot. ujawnień);"pośredni; bezpośredni; udziałowiec";3
6;Czy SFCR zawiera informacje dotyczące pozycji zakładu w prawnej strukturze grupy?  (art. 293 ust. 1e rozporządzenia delegowanego);"struktura; pozycja; miejsce";3
7;Czy SFCR zawiera informacje dotyczące wykazu istotnych jednostek powiązanych, w tym nazwę, formę prawną, kraj, proporcję posiadanych udziałów oraz jeżeli jest inna, proporcję posiadanych praw do głosowania?  (sek. I wyt. 1, 1.13b wytycznych EIOPA dot. ujawnień);"jednostki powiązane; udziały; kraj";3
8;Czy SFCR zawiera informacje dotyczące uproszczonej struktury grupy? (sek. I wyt. 1, 1.13c wytycznych EIOPA dot. ujawnień);"struktura; uproszczona";3
9;Czy SFCR zawiera informacje dotyczące istotności linii biznesowych zakładu oraz istotności obszarów geograficznych, na który zakład prowadzi działalność?  (art. 293 ust. 1f rozporządzenia delegowanego);"linie biznesowe; obszar; geograficzne";3
10;Czy SFCR zawiera informacje dotyczące wszelkich istotnych zdarzeń gospodarczych i innych, które miały miejsce w okresie sprawozdawczym i które wywarły istotny wpływ na zakład?  (art. 293 ust. 1g rozporządzenia delegowanego);"zdarzenia; gospodarcze";3
11;Czy SFCR zawiera jakościowe i ilościowe informacje na temat wyników z działalności operacyjnej zakładu ubezpieczeń/reasekuracji, na poziomie zagregowanym oraz w podziale na istotne linie biznesowe i obszary geograficzne, na których zakład prowadzi działalność w okresie sprawozdawczym, wraz z porównaniem tych danych z danymi z poprzedniego okresu sprawozdawczego, spójnie z danymi wykazanymi w sprawozdaniach finansowych zakładu? (art. 293 ust. 2 rozporządzenia delegowanego);"wyniki z działalności;  w podziale na; linie biznesowe;  geograficzne; składka; odszkodowania; koszty";4
12;Czy SFCR zawiera informacje dotyczące przychodów i kosztów z działalności lokacyjnej w podziale na grupy aktywów oraz jeżeli są one niezbędne dla ich właściwego zrozumienia, informacje dotyczące składników tych przychodów i kosztów, wraz z  porównaniem tych danych z danymi z poprzedniego okresu sprawozdawczego, spójnie z danymi wykazanymi w sprawozdaniach finansowych zakładu?  (art. 293 ust. 3a rozporządzenia delegowanego);"działalność lokacyjna;  działalność inwestycyjna; wynik; przychody;  koszty;  lokaty; typy aktywów";5
13;Czy SFCR zawiera informacje dotyczące wszelkich zysków i strat ujętych bezpośrednio w kapitale własnym wraz z porównaniem tych danych z danymi z poprzedniego okresu sprawozdawczego, spójnie z danymi wykazanymi w sprawozdaniach finansowych zakładu?  (art. 293 ust. 3b rozporządzenia delegowanego) ;"zyski;  straty; kapitał";5
14;Czy SFCR zawiera informacje dotyczące inwestycji związanych z sekurytyzacją wraz z porównaniem tych danych z danymi z poprzedniego okresu sprawozdawczego, spójnie z danymi wykazanymi w sprawozdaniach finansowych zakładu?  (art. 293 ust. 3c rozporządzenia delegowanego);sekurytyzacja;5
15;Czy SFCR zawiera opis istotnych przychodów i kosztów zakładu ubezpieczeń/reasekuracji (innych niż wymienione powyżej) w okresie sprawozdawczym oraz porównanie tych danych z danymi wykazywanymi za poprzedni okres sprawozdawczy, spójnie z danymi wykazanymi w sprawozdaniach finansowych zakładu? (art. 293 ust. 4 rozporządzenia delegowanego);"pozostałe przychody; pozostałe rodzaje; koszty;";6
16;Czy SFCR zawiera ogólne informacje o umowach leasingowych dla każdej istotnej umowy oddzielnie, w podziale na leasing finansowy i operacyjny? (sek. I wyt. 2, 1.14 wytycznych EIOPA dot. ujawnień);leasing;6
17;"Inne istotne informacje dotyczące działalności i wyników operacyjnych, jakie? (proszę o dopisanie jakie w kolumnie ""Uwagi"") (art. 293 ust. 5 rozporządzenia delegowanego)";inne informacje;7
18;Czy SFCR zawiera informacje dotyczące struktury Zarządu, zawierające opis jego najważniejszych funkcji i obowiązków oraz zwięzły opis podziału obowiązków między członków tych organów, w tym w szczególności informacje o tym, czy w ramach tego organu istnieją właściwe komitety? (art. 294 ust. 1a rozporządzenia delegowanego);"struktura; skład; zarząd; komitety; zakres; kompetencja; odpowiedzialność; obowiązek; odpowiedzialny";9
19;Czy SFCR zawiera informacje dotyczące struktury Rady Nadzorczej, zawierające opis jej najważniejszych funkcji i obowiązków oraz zwięzły opis podziału obowiązków między członków , w tym w szczególności informacje o tym, czy w ramach tego organu istnieją właściwe komitety? (art. 294 ust. 1a rozporządzenia delegowanego);"struktura; rada nadzorcza; komitety; kompetencja; zakres; odpowiedzialność, obowiązek";9
20;Czy SFCR zawiera opis najważniejszych zadań i obowiązków funkcji kluczowych? (art. 294 ust. 1a rozporządzenia delegowanego);"funkcja kluczowa; obowiązek; zadania";9
21;Czy SFCR zawiera informacje dotyczące wszelkich istotnych zmian systemu zarządzania, które miały miejsce w okresie sprawozdawczym? (art. 294 ust. 1b rozporządzenia delegowanego);"zmiana; system zarządzania";9
22;Czy SFCR, w ramach informacji o zasadach i praktykach wynagradzania Zarządu, Rady Nadzorczej i (o ile nie stwierdzono inaczej) pracowników, zawiera informacje o  głównych regułach zasad wynagradzania z wyjaśnieniem wzajemnej istotności stałych i zmiennych składników wynagrodzenia? (art. 294 ust. 1c rozporządzenia delegowanego);"wynagrodzenia;  zasada; polityka; stałe; zmienne; składniki";9
23;Czy SFCR, w ramach informacji o zasadach i praktykach wynagradzania Zarządu, Rady Nadzorczej i (o ile nie stwierdzono inaczej) pracowników, zawiera informacje o kryteriach dotyczących osiąganych indywidualnych i zbiorowych wyników, stanowiących podstawę uprawnień do akcji, opcji na akcje lub zmiennych składników wynagrodzenia? (art. 294 ust. 1c rozporządzenia delegowanego);"uprawnienia do akcji;  opcje na akcje; zmienne; składniki; wynagrodzenia";9
24;Czy SFCR, w ramach informacji o zasadach i praktykach wynagradzania Zarządu, Rady Nadzorczej i (o ile nie stwierdzono inaczej) pracowników, zawiera opis głównych cech charakterystycznych dodatkowych programów emerytalno-rentowych lub programów wcześniejszych emerytur dla członków Zarządu, Rady Nadzorczej i innych osób nadzorujących kluczowe funkcje? (art. 294 ust. 1c rozporządzenia delegowanego);"programy emerytalno-rentowe;  wcześniejsze emerytury";9
25;Czy SFCR zawiera informacje na temat istotnych transakcji zawartych w okresie sprawozdawczym z udziałowcami, osobami wywierającymi znaczący wpływ na zakład oraz z członkami Zarządu lub Rady Nadzorczej? (art. 294 ust. 1d rozporządzenia delegowanego);istotne transakcje;9
26;Czy SFCR zawiera informacje, w jaki sposób funkcje kluczowe mają zapewnione odpowiednie uprawnienia, zasoby i niezależność operacyjną, aby wykonywać swoje zadania i w jaki sposób raportują i udzielają porad Zarządowi lub Radzie Nadzorczej? (sek. I wyt. 3, 1.15 wytycznych EIOPA dot. ujawnień);"funkcje kluczowe; uprawnienia; zasoby; niezależność; raportować";9
27;Czy SFCR zawiera informacje dotyczące oceny adekwatności systemu zarządzania zakładu ubezpieczeń/reasekuracji pod kątem charakteru, skali i złożoności ryzyk charakterystycznych dla działalności danego zakładu? (art. 294 ust. 9 rozporządzenia delegowanego);"adekwatność systemu zarządzania; ryzyka";9
28;Czy SFCR zawiera opis szczegółowych wymogów zakładu dotyczących umiejętności, kwalifikacji i wiedzy fachowej wobec osób, które faktycznie zarządzają zakładem lub wykonują czynności w ramach innych kluczowych funkcji?  (art. 294 ust. 2a rozporządzenia delegowanego);"umiejętności; kwalifikacje; wiedza";10
29;Czy SFCR zawiera opis procedury stosowanej przez zakład w celu oceny kompetencji i reputacji osób, które faktycznie zarządzają zakładem lub wykonują czynności w ramach innych kluczowych funkcji?  (art. 294 ust. 2b rozporządzenia delegowanego);"kompetencja; reputacja; procedura; ocena";10
30;Czy SFCR zawiera opis systemu zarządzania ryzykiem zakładu obejmujący strategie, procesy i procedury sprawozdawcze oraz opis, w jaki sposób zakład jest w stanie, w efektywny i ciągły sposób, określać, mierzyć i monitorować na poziomie indywidualnym oraz zagregowanym ryzyka, na które jest lub może być narażony zakład, a także zarządzać nimi i prowadzić sprawozdawczość w ich zakresie? (art. 294 ust. 3a rozporządzenia delegowanego);"zarządzanie ryzykiem; strategia; proces; procedura; pomiar;  monitorowanie";11
31;Czy SFCR zawiera opis sposobu wdrożenia systemu zarządzania ryzykiem, w tym funkcji zarządzania ryzykiem oraz jego zintegrowania ze strukturą organizacyjną i procesami decyzyjnymi zakładu? (art. 294 ust. 3b rozporządzenia delegowanego);"system zarządzania ryzykiem; funkcja zarządzania ryzykiem; struktura, decyzje";11
32;Czy SFCR zawiera opis procesu wdrożonego przez zakład w celu wywiązywania się ze swojego zobowiązania do przeprowadzenia ORSA, w tym opis sposobu zintegrowania własnej oceny ryzyka i wypłacalności ze strukturą organizacyjną i procesami decyzyjnymi zakładu? (art. 294 ust. 4a rozporządzenia delegowanego);"ORSA; Własna Ocena Ryzyka i Wypłacalności; proces; ";11
33;Czy SFCR zawiera informacje jak często własna ORSA jest poddawana przeglądowi i zatwierdzana przez Zarząd? (art. 294 ust. 4b rozporządzenia delegowanego);"przegląd; zatwierdzanie; co najmniej";11
34;Czy SFCR zawiera informacje, w jaki sposób zakład ustalił własne potrzeby w zakresie wypłacalności, biorąc pod uwagę swój profil ryzyka oraz w jaki sposób jego działania w zakresie zarządzania kapitałem i jego system zarządzania ryzykiem oddziałują na siebie? (art. 294 ust. 4c rozporządzenia delegowanego);"potrzeby w zakresie wypłacalności; profil ryzyka; zarządzanie kapitałem; apetyt";11
35;Czy SFCR w przypadku zakładów stosujących model wewnętrzny (częściowy lub cały) zawiera informacje dotyczące ustanowionych odpowiedzialności i komitetów związanych z zarządzaniem modelem, w tym opis ich podstawowych zadań, pozycji i zakresu obowiązków?  (sek. I wyt. 4, 1.16a wytycznych EIOPA dot. ujawnień);"model wewnętrzny; zarządzanie";11
36;Czy SFCR w przypadku zakładów stosujących model wewnętrzny (częściowy lub cały)  zawiera informacje, jak istniejące komitety współdziałają z Zarządem/Radą Nadzorczą w celu sprostania wymogom art. 116 dyrektywy Wypłacalność II? (sek. I wyt. 4, 1.16b wytycznych EIOPA dot. ujawnień);"model wewnętrzny; zarząd; rada nadzorcza";11
37;Czy SFCR w przypadku zakładów stosujących model wewnętrzny (częściowy lub cały) zawiera informacje dotyczące wszelkich istotnych zmian w zarządzaniu modelem wewnętrznym w okresie sprawozdawczym? (sek. I wyt. 4, 1.16c wytycznych EIOPA dot. ujawnień);"model wewnętrzny; zmiana; zarzadzanie";11
38;Czy SFCR w przypadku zakładów stosujących model wewnętrzny (częściowy lub cały) zawiera opis procesu walidacji (używanego do monitorowania wyników i bieżącej adekwatności modelu wewnętrznego)? (sek. I wyt. 4, 1.16d wytycznych EIOPA dot. ujawnień);"model wewnętrzny; walidacja";11
39;Czy SFCR zawiera opis systemu kontroli wewnętrznej zakładu? (art. 294 ust. 5a rozporządzenia delegowanego);system kontroli wewnętrznej ;12
40;Czy SFCR zawiera opis wdrożenia funkcji zgodności z przepisami? (art. 294 ust. 5b rozporządzenia delegowanego) ;funkcja zgodności z przepisami ;12
41;Czy SFCR zawiera opis sposobu wdrożenia funkcji audytu wewnętrznego zakładu? (art. 294 ust. 6a rozporządzenia delegowanego);funkcja audytu wewnętrznego;13
42;Czy SFCR zawiera opis, w jaki sposób funkcja audytu wewnętrznego zakładu zachowuje swoją niezależność i obiektywność w stosunku do działań będących przedmiotem przeglądu? (art. 294 ust. 6b rozporządzenia delegowanego);"niezależność; obiektywność";13
43;Czy SFCR zawiera opis sposobu wdrożenia funkcji aktuarialnej? (art. 294 ust. 7 rozporządzenia delegowanego);funkcja aktuarialna ;14
44;Czy SFCR zawiera opis zasad outsourcingu? (art. 294 ust. 8 rozporządzenia delegowanego);"outsourcing; zasada";15
45;Czy SFCR zawiera informacje na temat outsourcingu, podstawowych lub ważnych funkcji lub czynności operacyjnych? (art. 294 ust. 8 rozporządzenia delegowanego);"czynności; podstawowe; ważne; outsourcing ";15
46;Czy SFCR zawiera informacje dotyczące określenia jurysdykcji, w której są zlokalizowani usługodawcy wykonujący podstawowe lub ważne funkcje lub czynności operacyjne? (art. 294 ust. 8 rozporządzenia delegowanego);jurysdykcja;15
47;"Inne istotne informacje dotyczące systemu zarządzania, jakie? (proszę o dopisanie jakie w kolumnie ""Uwagi"") (art. 294 ust. 10 rozporządzenia delegowanego)";inne informacje;16
48;Czy SFCR zawiera informacje dotyczące ekspozycji na ryzyko, w tym ekspozycji wynikającej z pozycji pozabilansowych oraz z przeniesienia ryzyka na spółki celowe? (art. 295 ust. 2 rozporządzenia delegowanego);"aktuarialne; ubezpieczeniowe; ekspozycja; pozabilansowe";18
49;Czy SFCR zawiera opis środków zastosowanych w celu oceny ryzyk w danym zakładzie, w tym wszelkich istotnych zmian, które zaszły w okresie sprawozdawczym? (art. 295 ust. 2a rozporządzenia delegowanego);"ocena ryzyka; pomiar; zmiana";18
50;Czy SFCR zawiera opis istotnych ryzyk, na które narażony jest dany zakład, w tym wszelkich istotnych zmian, które zaszły w okresie sprawozdawczym? (art. 295 ust. 2b rozporządzenia delegowanego);"istotne ryzyka; zmiana";18
51;Czy SFCR zawiera opis istotnych koncentracji ryzyka? (art. 295 ust. 3 rozporządzenia delegowanego);koncentracja ryzyka;18
52;Czy SFCR zawiera opis zastosowanych technik ograniczenia ryzyka oraz procesów monitorowania ciągłej skuteczności tych technik ograniczenia ryzyka? (art. 295 ust. 4 rozporządzenia delegowanego);"technika ograniczania ryzyka; monitorowanie; skuteczność";18
53;Czy SFCR zawiera opis zastosowanych metod i przyjętych założeń oraz wyniki testów warunków skrajnych i analizy wrażliwości w odniesieniu do istotnych ryzyk i zdarzeń? (art. 295 ust. 6 rozporządzenia delegowanego);"testy warunków skrajnych; analiza warunków skrajnych; analiza wrażliwości";18
54;"Czy SFCR, w przypadku korzystania ze spółek celowych (podmiotów specjalnego przeznaczenia), zawiera:
- informację czy spółki zostały zatwierdzone na mocy art. 211 dyrektywy, 
- opis dotyczący określenia ryzyka, które zostało przeniesione do niej, 
- wyjaśnienia, jak zasada pełnego finansowania jest na bieżąco weryfikowana? (sek. I wyt. 5, 1.17 wytyczne EIOPA dot. ujawnień)";spółka celowa;18
55;Czy SFCR zawiera informacje dotyczące ekspozycji na ryzyko, w tym ekspozycji wynikającej z pozycji pozabilansowych oraz z przeniesienia ryzyka na spółki celowe? (art. 295 ust. 2 rozporządzenia delegowanego);"rynkowe; ekspozycja; pozabilansowe";19
56;Czy SFCR zawiera opis środków zastosowanych w celu oceny ryzyk w danym zakładzie, w tym wszelkich istotnych zmian, które zaszły w okresie sprawozdawczym? (art. 295 ust. 2a rozporządzenia delegowanego);"ocena ryzyka; pomiar; zmiana";19
57;Czy SFCR zawiera opis istotnych ryzyk, na które narażony jest dany zakład, w tym wszelkich istotnych zmian, które zaszły w okresie sprawozdawczym? (art. 295 ust. 2b rozporządzenia delegowanego);"istotne ryzyka; zmiana";19
58;"Czy SFCR zawiera opis sposobu ulokowania aktywów zgodnie z zasadą ""ostrożnego inwestora"" określoną w art. 132 dyrektywy 2009/138/WE, oraz właściwego zarządzania nimi? (art. 295 ust. 2c rozporządzenia delegowanego)";"ostrożnego inwestora; zasada";19
59;Czy SFCR zawiera opis istotnych koncentracji ryzyka? (art. 295 ust. 3 rozporządzenia delegowanego);koncentracja ryzyka;19
60;Czy SFCR zawiera opis zastosowanych technik ograniczenia ryzyka oraz procesów monitorowania ciągłej skuteczności tych technik ograniczenia ryzyka? (art. 295 ust. 4 rozporządzenia delegowanego);"technika ograniczania ryzyka; monitorowanie; skuteczność";19
61;Czy SFCR zawiera opis zastosowanych metod i przyjętych założeń oraz wyniki testów warunków skrajnych i analizy wrażliwości w odniesieniu do istotnych ryzyk i zdarzeń? (art. 295 ust. 6 rozporządzenia delegowanego);"testy warunków skrajnych; analiza warunków skrajnych; analiza wrażliwości";19
62;Czy SFCR zawiera informacje dotyczące ekspozycji na ryzyko, w tym ekspozycji wynikającej z pozycji pozabilansowych oraz z przeniesienia ryzyka na spółki celowe? (art. 295 ust. 2 rozporządzenia delegowanego);"kredytowe; ekspozycja; pozabilansowe";20
63;Czy SFCR zawiera opis środków zastosowanych w celu oceny ryzyk w danym zakładzie, w tym wszelkich istotnych zmian, które zaszły w okresie sprawozdawczym? (art. 295 ust. 2a rozporządzenia delegowanego);"ocena ryzyka; pomiar; zmiana";20
64;Czy SFCR zawiera opis istotnych ryzyk, na które narażony jest dany zakład, w tym wszelkich istotnych zmian, które zaszły w okresie sprawozdawczym? (art. 295 ust. 2b rozporządzenia delegowanego);"istotne ryzyka; zmiana";20
65;"Czy SFCR zawiera opis sposobu ulokowania aktywów zgodnie z zasadą ""ostrożnego inwestora"" określoną w art. 132 dyrektywy 2009/138/WE, oraz właściwego zarządzania nimi? (art. 295 ust. 2c rozporządzenia delegowanego)";"ostrożnego inwestora; zasada";20
66;Czy SFCR zawiera opis istotnych koncentracji ryzyka? (art. 295 ust. 3 rozporządzenia delegowanego);koncentracja ryzyka;20
67;Czy SFCR zawiera opis zastosowanych technik ograniczenia ryzyka oraz procesów monitorowania ciągłej skuteczności tych technik ograniczenia ryzyka? (art. 295 ust. 4 rozporządzenia delegowanego);"technika ograniczania ryzyka; monitorowanie; skuteczność";20
68;Czy SFCR zawiera opis zastosowanych metod i przyjętych założeń oraz wyniki testów warunków skrajnych i analizy wrażliwości w odniesieniu do istotnych ryzyk i zdarzeń? (art. 295 ust. 6 rozporządzenia delegowanego);"testy warunków skrajnych; analiza warunków skrajnych;  analiza wrażliwości";20
69;Czy SFCR zawiera informacje dotyczące ekspozycji na ryzyko, w tym ekspozycji wynikającej z pozycji pozabilansowych oraz z przeniesienia ryzyka na spółki celowe? (art. 295 ust. 2 rozporządzenia delegowanego);"płynności; ekspozycja; pozabilansowe";21
70;Czy SFCR zawiera opis środków zastosowanych w celu oceny ryzyk w danym zakładzie, w tym wszelkich istotnych zmian, które zaszły w okresie sprawozdawczym? (art. 295 ust. 2a rozporządzenia delegowanego);"ocena ryzyka; pomiar; zmiana";21
71;Czy SFCR zawiera opis istotnych ryzyk, na które narażony jest dany zakład, w tym wszelkich istotnych zmian, które zaszły w okresie sprawozdawczym? (art. 295 ust. 2b rozporządzenia delegowanego);"istotne ryzyka; zmiana";21
72;"Czy SFCR zawiera opis sposobu ulokowania aktywów zgodnie z zasadą ""ostrożnego inwestora"" określoną w art. 132 dyrektywy 2009/138/WE oraz właściwego zarządzania nimi? (art. 295 ust. 2c rozporządzenia delegowanego)";"ostrożnego inwestora; zasada";21
73;Czy SFCR zawiera opis istotnych koncentracji ryzyka? (art. 295 ust. 3 rozporządzenia delegowanego);koncentracja ryzyka;21
74;Czy SFCR zawiera opis zastosowanych technik ograniczenia ryzyka oraz procesów monitorowania ciągłej skuteczności tych technik ograniczenia ryzyka? (art. 295 ust. 4 rozporządzenia delegowanego);"techniki ograniczania ryzyka; monitorowanie; skuteczność";21
75;Czy SFCR zawiera łączną kwotę oczekiwanego zysku uwzględnionego z przyszłych składek, obliczoną zgodnie z art. 260 ust. 2? (art. 295 ust.5 rozporządzenia delegowanego);zyski z przyszłych składek;21
76;Czy SFCR zawiera opis zastosowanych metod i przyjętych założeń oraz wyniki testów warunków skrajnych i analizy wrażliwości w odniesieniu do istotnych ryzyk i zdarzeń? (art. 295 ust. 6 rozporządzenia delegowanego);"testy warunków skrajnych; analiza warunków skrajnych; analiza wrażliwości";21
77;Czy SFCR zawiera informacje dotyczące ekspozycji na ryzyko, w tym ekspozycji wynikającej z pozycji pozabilansowych oraz z przeniesienia ryzyka na spółki celowe? (art. 295 ust. 2 rozporządzenia delegowanego);"operacyjne; ekspozycja; pozabilansowe";22
78;Czy SFCR zawiera opis środków zastosowanych w celu oceny ryzyk w danym zakładzie, w tym wszelkich istotnych zmian, które zaszły w okresie sprawozdawczym? (art. 295 ust. 2a rozporządzenia delegowanego);"ocena ryzyka; pomiar; zmiana";22
79;Czy SFCR zawiera opis istotnych ryzyk, na które narażony jest dany zakład, w tym wszelkich istotnych zmian, które zaszły w okresie sprawozdawczym? (art. 295 ust. 2b rozporządzenia delegowanego);"istotne ryzyka; zmiana";22
80;Czy SFCR zawiera opis istotnych koncentracji ryzyka? (art. 295 ust. 3 rozporządzenia delegowanego);koncentracja ryzyka;22
81;Czy SFCR zawiera opis zastosowanych technik ograniczenia ryzyka oraz procesów monitorowania ciągłej skuteczności tych technik ograniczenia ryzyka? (art. 295 ust. 4 rozporządzenia delegowanego);"technika ograniczania ryzyka; monitorowanie; skuteczność";22
82;Czy SFCR zawiera opis zastosowanych metod i przyjętych założeń oraz wyniki testów warunków skrajnych i analizy wrażliwości w odniesieniu do istotnych ryzyk i zdarzeń? (art. 295 ust. 6 rozporządzenia delegowanego);"testy warunków skrajnych; analiza warunków skrajnych;  analiza wrażliwości";22
83;Czy SFCR zawiera informacje dotyczące ekspozycji na ryzyko, w tym ekspozycji wynikającej z pozycji pozabilansowych oraz z przeniesienia ryzyka na spółki celowe? (art. 295 ust. 2 rozporządzenia delegowanego);"pozostałe; ekspozycja; pozabilansowe";23
84;Czy SFCR zawiera opis środków zastosowanych w celu oceny ryzyk w danym zakładzie, w tym wszelkich istotnych zmian, które zaszły w okresie sprawozdawczym? (art. 295 ust. 2a rozporządzenia delegowanego);"ocena ryzyka; pomiar; zmiana";23
85;Czy SFCR zawiera opis istotnych ryzyk, na które narażony jest dany zakład, w tym wszelkich istotnych zmian, które zaszły w okresie sprawozdawczym? (art. 295 ust. 2b rozporządzenia delegowanego);"istotne ryzyka; zmiana";23
86;Czy SFCR zawiera opis istotnych koncentracji ryzyka? (art. 295 ust. 3 rozporządzenia delegowanego);koncentracja ryzyka;23
87;Czy SFCR zawiera opis zastosowanych technik ograniczenia ryzyka oraz procesów monitorowania ciągłej skuteczności tych technik ograniczenia ryzyka? (art. 295 ust. 4 rozporządzenia delegowanego);"technika ograniczania ryzyka; monitorowanie; skuteczność";23
88;Czy SFCR zawiera opis zastosowanych metod i przyjętych założeń oraz wyniki testów warunków skrajnych i analizy wrażliwości w odniesieniu do istotnych ryzyk i zdarzeń? (art. 295 ust. 6 rozporządzenia delegowanego);"testy warunków skrajnych; analiza warunków skrajnych; analiza wrażliwości";23
89;"Inne istotne informacje dotyczące profilu ryzyka, jakie? (proszę o dopisanie jakie w kolumnie ""Uwagi"") (art. 296 ust. 7 rozporządzenia delegowanego)";inne informacje;24
90;Czy SFCR zawiera poniżej wskazane informacje dotyczące aktywów w podziale na grupy aktywów zgodne z bilansem Wypłacalność II, a jeśli nie (zastosowany przez zakład podział jest inny), to czy zakład wskazał czemu inne grupy aktywów są bardziej odpowiednie biorąc pod uwagę naturę, funkcję, ryzyko i istotność aktywów? (sek. I wyt. 6, 1.18, 1.19 wytycznych EIOPA dot. ujawnień);"aktywa; bilans; celów wypłacalności";26
91;Czy SFCR zawiera (oddzielnie dla każdej grupy aktywów) wartość aktywów oraz opis podstaw, metod i głównych założeń stosowanych przy wycenie do celów wypłacalności? (art. 296 ust. 1a rozporządzenia delegowanego);"aktywa; metoda; podstawa;  wycena; założenia; wartość";26
92;Czy SFCR zawiera (oddzielnie dla każdej grupy aktywów) informacje dotyczące metod ujmowania aktywów, używanych danych wejściowych do wyceny oraz dokonanych ocen eksperckich innych niż szacunki, które mogłyby istotnie wpłynąć na ujętą wartość? (sek. I wyt. 7, 1.20a wytycznych EIOPA dot. ujawnień);" metoda; wycena; ujmowanie; dane; ocena; szacunki";26
93;Czy SFCR zawiera (oddzielnie dla każdej grupy aktywów) ilościowe i jakościowe wyjaśnienie ewentualnych istotnych różnic pomiędzy podstawami, metodami i głównymi założeniami stosowanymi przez zakład przy wycenie do celów wypłacalności, a podstawami, metodami i głównymi założeniami stosowanymi do wyceny na potrzeby sprawozdań finansowych? (art. 296 ust. 1b rozporządzenia delegowanego);"różnica; wycena; podstawa; metoda; założenia";26
94;Czy SFCR, w przypadku istotnych wartości niematerialnych i prawnych zawiera informacje dotyczące charakteru aktywów i informacje na temat dowodów i kryteriów użytych, aby stwierdzić, że istnieje aktywny rynek dla tych aktywów? (sek. I wyt. 7, 1.20a(i) wytycznych EIOPA dot. ujawnień);"wartości niematerialne i prawne; aktywny; rynek";26
95;Czy SFCR, w przypadku istotnych aktywów finansowych zawiera informacje na temat kryteriów użytych do oceny tego, czy rynki są aktywne oraz jeżeli rynki są nieaktywne, opis zastosowanego modelu wyceny? (sek. I wyt. 7, 1.20a(ii) wytycznych EIOPA dot. ujawnień);"aktywa finansowe; model wyceny; rynek; aktywny; nieaktywny";26
96;Czy SFCR, w przypadku leasingów operacyjnych i finansowych zawiera ogólny opis umów leasingowych w powiązaniu z każdą istotna grupą aktywów odnoszących się do umów leasingowych, oddzielnie dla leasingów finansowych i operacyjnych? (sek. I wyt. 7, 1.20a(iii) wytycznych EIOPA dot. ujawnień);"leasing; operacyjny; finansowy; ";26
97;Czy SFCR, w przypadku istotnych aktywów z tytułu odroczonego podatku dochodowego, zawiera informacje na temat źródła rozpoznania aktywów z tytułu odroczonego podatku dochodowego oraz kwoty i daty wygaśnięcia możliwych do potrącenia tymczasowych różnic, nierozliczonych strat podatkowych i niewykorzystanych ulg podatkowych, dla których nie uznano żadnych aktywów z tytułu odroczonego podatku dochodowego w bilansie? (sek. I wyt. 7, 1.20a wytycznych EIOPA dot. ujawnień);"aktywa z tytułu odroczonego podatku dochodowego; tymczasowe różnice; straty podatkowe; ulgi podatkowe";26
98;Czy SFCR, w przypadku podmiotów powiązanych, które nie zostały wycenione według cen rynkowych notowanych na aktywnych rynkach lub z zastosowaniem skorygowanej metody praw własności zawiera wyjaśnienie dlaczego zastosowanie tych metod nie było możliwe lub praktyczne? (sek. I wyt. 7, 1.20a wytycznych EIOPA dot. ujawnień);"podmioty powiązane; metoda praw własności";26
99;Czy SFCR zawiera informacje na temat wszelkich zmian w stosowanych zasadach ujmowania i wyceny lub w szacunkach w okresie sprawozdawczym? (sek. I wyt. 7, 1.20b wytycznych EIOPA dot. ujawnień);"zmiana; zasady; wycena; ujmowanie; szacunki ";26
100;Czy SFCR zawiera informacje dotyczące stosowanych założeń i ocen, w tym dotyczących przyszłych i innych istotnych źródeł niepewności oszacowania? (sek. I wyt. 7, 1.20c wytycznych EIOPA dot. ujawnień);"założenia; niepewność oszacowania";26
101;Czy SFCR zawiera, oddzielnie dla każdej istotnej linii biznesowej, informacje dotyczące wartości rezerw techniczno-ubezpieczeniowych, w tym kwotę najlepszego oszacowania i marginesu ryzyka oraz opis podstaw, metod i głównych założeń stosowanych do wyceny celów wypłacalności? (art. 296 ust. 2a rozporządzenia delegowanego);"rezerwy techniczno-ubezpieczeniowe; najlepsze oszacowania; margines ryzyka; linia biznesowa; opis; podstawy; metoda; założenia";27
102;Czy SFCR zawiera opis poziomu niepewności związanej z wartością rezerw techniczno-ubezpieczeniowych? (art. 296 ust. 2b rozporządzenia delegowanego);"niepewność; wartość, rezerwy techniczno-ubezpieczeniowe";27
103;Czy SFCR zawiera, oddzielnie dla każdej istotnej linii biznesowej, ilościowe i jakościowe wyjaśnienie ewentualnych istotnych różnic pomiędzy podstawami, metodami i głównymi założeniami stosowanymi przez zakład przy wycenie do celów wypłacalności a podstawami, metodami i głównymi założeniami stosowanymi do wyceny na potrzeby sprawozdań finansowych? (art. 296 ust. 2c rozporządzenia delegowanego);"linia biznesowa; różnica; wycena; podstawa; metoda; założenia";27
104;Czy SFCR zawiera informacje dotyczące opisu korekty dopasowującej oraz portfela zobowiązań i przypisanych aktywów, do których stosuje się korektę dopasowującą, a także pomiar wpływu zmiany korekty dopasowującej do zera na sytuację finansową danego zakładu, w tym na kwotę rezerw techniczno-ubezpieczeniowych, kapitałowy wymóg wypłacalności, minimalny wymóg kapitałowy, podstawowe środki własne oraz kwoty środków własnych dopuszczone na pokrycie minimalnego wymogu kapitałowego i kapitałowego wymogu wypłacalności? (art. 296 ust. 2d rozporządzenia delegowanego);korekta dopasowująca;27
105;Czy SFCR zawiera informacje na temat stosowania przez zakład korekty z tytułu zmienności, o której mowa w art. 77d dyrektywy 2009/138/WE (art 229 ustawy), oraz pomiaru wpływu zmiany korekty z tytułu zmienności do zera na sytuację finansową danego zakładu, w tym na kwotę rezerw techniczno-ubezpieczeniowych, kapitałowy wymóg wypłacalności, minimalny wymóg kapitałowy, podstawowe środki własne oraz kwoty środków własnych dopuszczone na pokrycie minimalnego wymogu kapitałowego i kapitałowego wymogu wypłacalności? (art. 296 ust. 2e rozporządzenia delegowanego);korekta z tytułu zmienności;27
106;Czy SFCR zawiera informacje na temat stosowania przejściowej struktury terminowej stopy procentowej wolnej od ryzyka, o której mowa w art. 308c dyrektywy 2009/138/WE oraz pomiaru wpływu niestosowania środka przejściowego na sytuację finansową danego zakładu, w tym na kwotę rezerw techniczno-ubezpieczeniowych, kapitałowy wymóg wypłacalności, minimalny wymóg kapitałowy, podstawowe środki własne oraz kwoty środków własnych dopuszczone na pokrycie minimalnego wymogu kapitałowego i kapitałowego wymogu wypłacalności? (art. 296 ust. 2f rozporządzenia delegowanego);przejściowa struktura terminowej stopy procentowej wolnej od ryzyka;27
107;Czy SFCR zawiera informacje na temat stosowania przejściowego odliczenia, o którym mowa w art. 308d dyrektywy 2009/138/WE (art. 496 ustawy) oraz pomiaru wpływu niestosowania tego odliczenia na sytuację finansową danego zakładu, w tym na kwotę rezerw techniczno-ubezpieczeniowych, kapitałowy wymóg wypłacalności, minimalny wymóg kapitałowy, podstawowe środki własne oraz kwoty środków własnych dopuszczone na pokrycie minimalnego wymogu kapitałowego i kapitałowego wymogu wypłacalności? (art. 296 ust. 2g rozporządzenia delegowanego);przejściowe odliczenie;27
108;Czy SFCR zawiera opis kwot należnych z umów reasekuracji i od spółek celowych? (art. 296 ust. 2h rozporządzenia delegowanego);"kwoty należne z umów reasekuracji; spółki celowe";27
109;Czy SFCR zawiera opis wszelkich istotnych zmian w odpowiednich założeniach przyjętych w ramach obliczania rezerw techniczno-ubezpieczeniowych w porównaniu do poprzedniego okresu sprawozdawczego? (art. 296 ust. 2h rozporządzenia delegowanego);"zmiana; założenia  ";27
110;Czy SFCR zawiera informacje dotyczące stosowanych istotnych uproszczeń (metod uproszczonych) przy obliczaniu rezerw techniczno-ubezpieczeniowych, w tym obliczaniu marginesu ryzyka? (sek. I wyt. 8, 1.21 wytycznych EIOPA dot. ujawnień);"uproszczenia; istotne; rezerwy techniczno-ubezpieczeniowe; margines ryzyka";27
111;Czy SFCR zawiera informacje dotyczące innych zobowiązań w podziale na grupy zobowiązań zgodne z bilansem Wypłacalność II, a jeśli nie (zastosowany przez zakład podział jest inny), to czy zakład wskazał czemu inne grupy zobowiązań są bardziej odpowiednie biorąc pod uwagę naturę, funkcję, ryzyko i istotność zobowiązań? (sek. I wyt. 9, 1.22, 1.23 wytycznych EIOPA dot. ujawnień);"inne zobowiązania; pozostałe zobowiązania; pozostałe rezerwy; świadczenia emerytalne; zobowiązania finansowe inne niż ";28
112;Czy SFCR zawiera (oddzielnie dla każdej istotnej klasy innych zobowiązań) wartość pozostałych zobowiązań oraz opis podstaw, metod i głównych założeń stosowanych przy ich wycenie do celów wypłacalności? (art. 296 ust. 3a rozporządzenia delegowanego);"wartość; wycena; metoda; założenia; podstaw";28
113;Czy SFCR zawiera (oddzielnie dla każdej grupy zobowiązań) informacje dotyczące używanych danych wejściowych do wyceny oraz zasad ujmowania zobowiązań? (sek. I wyt. 10, 1.24a wytycznych EIOPA dot. ujawnień);"dane wejściowe; zasady; ujmowanie ";28
114;Czy SFCR zawiera oddzielnie dla każdej istotnej grupy innych zobowiązań: ilościowe i jakościowe wyjaśnienie ewentualnych istotnych różnic pomiędzy podstawami, metodami i głównymi założeniami stosowanymi przez zakład przy wycenie do celów wypłacalności, a podstawami, metodami i głównymi założeniami stosowanymi do wyceny na potrzeby sprawozdań finansowych? (art. 296 ust. 3b rozporządzenia delegowanego);"różnica; wycena; podstawa; metoda; założenia";28
115;Czy SFCR zawiera ogólny opis istotnych zobowiązań wynikających z umów leasingowych z oddzielnym ujawnieniem informacji na temat leasingu finansowego i operacyjnego? (sek. I wyt. 10, 1.24a wytycznych EIOPA dot. ujawnień);"leasing; finansowy; operacyjny";28
116;Czy SFCR zawiera opis źródła rozpoznania zobowiązań z tytułu odroczonego podatku dochodowego oraz kwoty i daty wygaśnięcia, możliwych do potrącenia tymczasowych różnic, nierozliczonych strat podatkowych i niewykorzystanych ulg podatkowych, dla których nie uznano żadnych zobowiązań z tytułu odroczonego podatku dochodowego w bilansie? (sek. I wyt. 10, 1.24a wytycznych EIOPA dot. ujawnień);"zobowiązania; podatku dochodowego; kwota; tymczasowe różnice; nierozliczone; straty podatkowe; ulgi podatkowe";28
117;Czy SFCR zawiera opis charakteru zobowiązań oraz jeżeli jest znany oczekiwany czas przepływów pieniężnych dotyczących korzyści ekonomicznych oraz określenie niepewności związanych z kwotą lub czasem przepływów pieniężnych, a także sposób uwzględnienia ryzyka odchylenia w wycenie? (sek. I wyt. 10, 1.24a wytycznych EIOPA dot. ujawnień);"charakter zobowiązań; oczekiwany czas przepływów;  niepewność; korzyści; odchylenie";28
118;Czy SFCR zawiera opis charakteru zobowiązań z tytułu świadczeń pracowniczych oraz rozbicie kwot w podziale na charakter zobowiązania i charakter określonych aktywów planu świadczeń, kwotę każdej grupy aktywów, procent każdej grupy aktywów w odniesieniu do sumy określonych aktywów planu świadczeń, w tym praw do zwrotu? (sek. I wyt. 10, 1.24a wytycznych EIOPA dot. ujawnień);zobowiązania z tytułu świadczeń pracowniczych;28
119;Czy SFCR zawiera informacje dotyczące wszelkich zmian w stosowanych podstawach ujmowania i wyceny lub w szacunkach w okresie sprawozdawczości? (sek. I wyt. 10, 1.24b wytycznych EIOPA dot. ujawnień);"zmiana; ujmowanie; wycena; szacunek";28
120;Czy SFCR zawiera informacje na temat stosowanych założeń i ocen, w tym dotyczących przyszłych i innych istotnych źródeł niepewności oszacowania? (sek. I wyt. 10, 1.24c wytycznych EIOPA dot. ujawnień);"założenia; ocena; przyszłe; źródła; niepewność";28
121;"Czy SFCR zawiera w odniesieniu do aktywów i zobowiązań informacje dotyczące alternatywnych metod wyceny (wycena wg modelu) wg obszarów określonych w art. 263  tj. 
-aktywa i zobowiązania, do których ma zastosowanie dana alternatywna metoda wyceny, 
-uzasadnienie zastosowanie danej metody wyceny w odniesieniu do aktywów i zobowiązań,
-założenia leżące u podstaw danej metody wyceny,
-niepewność wyceny aktywów i zobowiązań,
-porównanie adekwatności wyceny aktywów i zobowiązań z danymi wynikającymi ze zgromadzonych doświadczeń? (art. 296 ust. 4 rozporządzenia delegowanego)";"alternatywne metody wyceny; aktywa; zobowiązania;  założenia; niepewność;  adekwatność; uzasadnienie";29
122;"Inne istotne informacje dotyczące wyceny aktywów i zobowiązań do celów wypłacalności, jakie? (proszę o dopisanie jakie w kolumnie ""Uwagi"") (art. 296 ust. 5 rozporządzenia delegowanego)";inne istotne informacje;30
123;Czy SFCR zawiera informacje dotyczące celów, zasad i procesów stosowanych przez zakład w celu zarządzania swoimi środkami własnymi, w tym informacje dotyczące horyzontu czasowego wykorzystywanego na potrzeby planowania działalności oraz informacje na temat wszelkich istotnych zmian, które zaszły w okresie sprawozdawczym? (art. 297 ust. 1a rozporządzenia delegowanego);"środki własne; cele;  zasady;  horyzont czasowy; zmiana";32
124;Czy SFCR zawiera informacje dotyczące struktury, wysokości i jakości środków własnych na koniec bieżącego okresu sprawozdawczego oraz na koniec poprzedniego okresu sprawozdawczego łącznie z analizą istotnych zmian w każdej kategorii, które zaszły w okresie sprawozdawczym? (art. 297 ust. 1b rozporządzenia delegowanego);"środki własne; struktura; kategoria; jakość; zmiana; różnica";32
125;Czy SFCR zawiera informacje dotyczące kwoty środków własnych dopuszczonych na pokrycie kapitałowego wymogu wypłacalności, w podziale na kategorie środków własnych? (art. 297 ust. 1c rozporządzenia delegowanego);"pokrycie kapitałowego wymogu wypłacalności; kategorie; środki własne";32
126;Czy SFCR zawiera (w ramach powyższych informacji wymaganych zgodnie z art. 297 ust. 1 lit. c)) wyjaśnienie dotyczące wszelkich ograniczeń dostępnych środków własnych i wpływ ograniczeń na dopuszczone środki własne kategorii 2, środki własne kategorii 3 i ograniczone środki własne kategorii 1? (sek. I wyt.12, 1.26e wytycznych EIOPA dot. ujawnień);"ograniczenia; wpływ; środki własne; kategoria";32
127;Czy SFCR zawiera informacje na temat kwoty podstawowych środków własnych dopuszczonych na pokrycie minimalnego wymogu kapitałowego, w podziale na kategorie środków własnych? (art. 297 ust. 1d rozporządzenia delegowanego) ;"pokrycie minimalnego wymogu kapitałowego; kategorie; środki własne";32
128;Czy SFCR zawiera informacje dotyczące ilościowego i jakościowego wyjaśnienia wszelkich istotnych różnic pomiędzy kapitałem własnym wykazanym w sprawozdaniach finansowych zakładu z nadwyżką aktywów nad zobowiązaniami obliczoną do celów wypłacalności? (art. 297 ust. 1e rozporządzenia delegowanego);"różnice; kapitał własny; nadwyżka aktywów nad zobowiązaniami";32
129;Czy SFCR zawiera w odniesieniu do każdej pozycji podstawowych środków własnych, która podlega przepisom przejściowym, o których mowa w art. 308b ust. 9 i art. 308b ust. 10 dyrektywy 2009/138/WE, opis charakteru pozycji oraz wskazanie jej kwoty? (art. 297 ust. 1f rozporządzenia delegowanego);"przepisy przejściowe;";32
130;Czy SFCR zawiera opis pozycji i wskazanie kwoty pozycji uzupełniających środków własnych oraz, w przypadku gdy zatwierdzona została metoda służąca do określania kwoty pozycji uzupełniających środków własnych, wskazanie metody oraz charakteru i nazwy kontrahenta lub grupy kontrahentów dla pozycji, o której mowa w art. 89 ust. 1 lit. a), b) i c) dyrektywy 2009/138/WE? (art. 297 ust. 1g rozporządzenia delegowanego);"uzupełniające środki własne; metoda ";32
131;"Czy SFCR zawiera (w ramach wyżej wymienionych informacji wymaganych zgodnie z art. 297 ust. 1 lit. g) informacje o 
-typie umowy i charakterze pozycji podstawowych środków własnych, którą stałaby się każda pozycja uzupełniających środków własnych, jeżeli wezwano by do jej opłacenia lub opłacono by ją, w tym dotyczącą kategorii, 
-dacie zatwierdzenia pozycji przez organ nadzoru,
-jeżeli metoda została zatwierdzona, czas na który została zatwierdzona? (sek. I wyt. 12, 1.26i wytyczne EIOPA dot. ujawnień)";"uzupełniające środki własne; opłacenie; data zatwierdzenia pozycji; czas ";32
132;"Czy SFCR, w przypadku stosowania metody do określenia istotnych pozycji uzupełniających środków własnych, zawiera:
- opis jak wycena otrzymana w wyniku stosowania metody zmieniała się w czasie,
- opis jakie dane wejściowe dla danej metody były podstawowymi impulsami dla tej zmiany,
- stopień, w jakim na obliczoną kwotę wpływ ma przeszłe doświadczenie, w tym w wyniku wcześniejszych wezwań?  (sek. I wyt. 12, 1.26j wytyczne EIOPA dot. ujawnień)";"uzupełniające środki własne; zmiana; wycena; dane wejściowe; doświadczenie";32
133;Czy SFCR zawiera informacje dotyczące opisu ewentualnych pozycji odliczonych od środków własnych oraz krótki opis ewentualnych istotnych ograniczeń wpływających na dostępność i możliwość przenoszenia środków własnych w ramach zakładu? (art. 297 ust. 1h rozporządzenia delegowanego);"pozycje odliczone; dostępność";32
134;Jeżeli zakład ujawnia w SFCR dodatkowe współczynniki wypłacalności inne niż te, które zostały podane w S.23.01, to czy  w sprawozdaniu zamieszczono wyjaśnienie sposobu obliczenia i znaczenie dodatkowych wskaźników? (sek. I wyt. 11, 1.25 wytycznych EIOPA dot. ujawnień);dodatkowe współczynniki/dodatkowe wskaźniki;32
135;Czy SFCR zawiera informacje wymagane w art. 297 ust. 1 rozporządzenia delegowanego w podziale na pozycje podstawowych i uzupełniających środków własnych (dla każdej istotnej pozycji środków własnych zgodnie z art. 69, 72, 74, 76 i 78, a także w przypadku pozycji zatwierdzonych przez organ nadzoru zgodnie z art. 79 rozporządzenia delegowanego)? (sek. I wyt. 12, 1.26a wytycznych EIOPA dot. ujawnień);"podstawowe środki własne; uzupełniające środki własne";32
136;Czy SFCR zawiera (dla  każdej istotnej pozycji środków własnych) informacje dotyczące, w jakim stopniu pozycje środków własnych są dostępne, podporządkowane, a także informacje dotyczące ich czasu trwania i wszelkie inne cechy, które są niezbędne do oceny ich jakości? (sek. I wyt. 12, 1.26b wytycznych EIOPA dot. ujawnień);"dostępne; podporządkowane; jakość";32
137;Czy SFCR zawiera informacje dotyczące analizy ważnych zmian środków własnych w okresie sprawozdawczym wraz z wartością pozycji środków własnych wyemitowanych w ciągu roku, wartością instrumentów umorzonych w ciągu roku oraz stopień, w jakim emisja została wykorzystana do umorzenia środków? (sek. I wyt. 12, 1.26c wytycznych EIOPA dot. ujawnień);"emisja; umorzone; środki własne";32
138;Czy SFCR zawiera informacje na temat podporządkowanych instrumentów dłużnych, w tym wyjaśnienie zmian ich wartości? (sek. I wyt. 12, 1.26d wytycznych EIOPA dot. ujawnień);"podporządkowane; instrumenty dłużne";32
139;Czy SFCR zawiera szczegółowe informacje na temat podstawowego mechanizmu pokrywania strat używanego zgodnie z art. 71 ust. 1 lit. e) rozporządzenia delegowanego, w tym zdarzenia inicjującego i jego skutków? (sek. I wyt. 12, 1.26f wytycznych EIOPA dot. ujawnień);"mechanizm pokrywania strat; zdarzenie inicjujące";32
140;Czy SFCR zawiera informacje dotyczące wyjaśnienia kluczowych elementów rezerwy uzgodnieniowej? (sek. I wyt. 12, 1.26g wytycznych EIOPA dot. ujawnień);"elementy; rezerwa uzgodnieniowa; struktura";32
141;Czy SFCR, w przypadku podstawowych środków własnych podlegających przepisom przejściowym, zawiera informację dotyczącą kategorii do której sklasyfikowano każdą pozycji tych środków własnych  wraz z wyjaśnieniem? (sek. I wyt.12, 1.26h wytycznych EIOPA dot. ujawnień);"przepisy przejściowe; kategorie";32
142;Czy SFCR, w przypadku podstawowych środków własnych podlegających przepisom przejściowym, zawiera informację dotyczącą daty następnego wezwania oraz regularności wszelkich dalszych dat wezwania lub fakt, że żadna z dat wezwania nie przypada do końca okresu przejściowego? (sek. I wyt. 12, 1.26h wytycznych EIOPA dot. ujawnień);"przepisy przejściowe; data wezwania";32
143;Czy SFCR, w przypadku pozycji odliczanych od środków własnych, zawiera informacje dotyczące całkowitej nadwyżki aktywów nad zobowiązaniami w ramach funduszy wyodrębnionych oraz portfeli korekt dopasowujących z określeniem kwoty, dla której zastosowano korektę przy określaniu dostępnych środków własnych? (sek. I wyt. 12, 1.26k wytycznych EIOPA dot. ujawnień);"fundusz wyodrębniony; korekta dopasowująca";32
144;Czy SFCR, w przypadku pozycji odliczanych od środków własnych, zawiera informacje dotyczące stopnia i powodów istotnych ograniczeń środków własnych, odliczeń od środków własnych lub obciążeń środków własnych? (sek. I wyt. 12, 1.26k wytycznych EIOPA dot. ujawnień);"ograniczenia; odliczenia; obciążenia";32
145;Czy SFCR zawiera informacje dotyczące kwoty kapitałowego wymogu wypłacalności i minimalnego wymogu kapitałowego zakładu na koniec okresu sprawozdawczego, w stosownych przypadkach ze wskazaniem, że ostateczna kwota kapitałowego wymogu wypłacalności podlega jeszcze ocenie nadzorczej? (art. 297 ust. 2a rozporządzenia delegowanego);"kapitałowy wymóg wypłacalności; SCR; Solvency Capital Requirement; minimalny wymóg kapitałowy; MCR; Minimum Capital Requirement";33
146;Czy SFCR zawiera informacje na temat kwoty kapitałowego wymogu wypłacalności zakładu w podziale na moduły ryzyka, jeżeli zakład stosuje formułę standardową lub w podziale na kategorie ryzyka, jeżeli zakład stosuje modele wewnętrzne? (art. 297 ust. 2b rozporządzenia delegowanego);"moduł ryzyka; kategorie; składowe; moduły; podmoduły";33
147;Czy SFCR zawiera informacje dotyczące stosowania uproszczenia przy obliczaniu wymogów według formuły standardowej, a jeśli je stosuje, to w odniesieniu do których modułów i podmodułów? (art. 297 ust. 2c rozporządzenia delegowanego);"uproszczenia; moduły; podmoduły; formuła standardowa";33
148;Czy SFCR zawiera informacje dotyczące stosowania parametrów specyficznych dla zakładu zgodnie z art. 104 ust. 7 dyrektywy 2009/138/WE, a jeżeli je stosuje, to w odniesieniu do których parametrów formuły standardowej? (art. 297 ust. 2d rozporządzenia delegowanego);"parametry specyficzne; parametry";33
149;Czy SFCR, jeśli na zakład został nałożony narzut kapitałowy lub stosuje parametry specyficzne dla zakładu, zawiera oświadczenie o korzystaniu z możliwości przewidzianej w art. 51 ust. 2 akapit trzeci dyrektywy 2009/138/WE przez państwo członkowskie (art. 494 ustawy) (art. 297 ust. 2e rozporządzenia delegowanego) albo informacje o wpływie wszelkich parametrów specyficznych dla zakładu, które zakład zobowiązany jest stosować zgodnie z art. 110 tej dyrektywy oraz kwocie narzutu kapitałowego na kapitałowy wymóg wypłacalności wraz ze zwięzłym uzasadnieniem zainteresowanego organu nadzoru dotyczącym zastosowania tego narzutu (art. 297 ust. 2f rozporządzenia delegowanego);"narzut kapitałowy; parametry specyficzne ";33
150;Czy SFCR zawiera informacje dotyczące danych wejściowych wykorzystywanych przez zakład do obliczenia minimalnego wymogu kapitałowego? (art. 297 ust. 2g rozporządzenia delegowanego);dane wejściowe;33
151;Czy SFCR zawiera informacje dotyczące wszelkich istotnych zmian kapitałowego wymogu wypłacalności oraz minimalnego wymogu kapitałowego w okresie sprawozdawczym oraz przyczyny takich zmian? (art. 297 ust. 2h rozporządzenia delegowanego);zmiana;33
152;"Nie dotyczy (brak implementacji art. 304 Dyrektywy do ustawy) - Opcja udzielenia zakładom ubezpieczeń
prowadzącym działalność w zakresie ubezpieczeń na życie zezwolenia na stosowanie, pod pewnymi warunkami, podmodułu ryzyka cen akcji opartego na duracji";"nie dotyczy; nie korzysta;";34
153;Czy SFCR zawiera informacje dotyczące opisu celów, do których dany zakład stosuje swój model wewnętrzny? (art. 297 ust. 4a rozporządzenia delegowanego);"cele; model wewnętrzny";35
154;Czy SFCR zawiera informacje dotyczące opisu zakresu modelu wewnętrznego pod kątem obszarów działalności i kategorii ryzyka? (art. 297 ust. 4b rozporządzenia delegowanego);"zakres; model wewnętrzny";35
155;Czy SFCR zawiera informacje dotyczące struktury modelu wewnętrznego? (sek. I wyt. 13, 1.27a wytyczne EIOPA dot. ujawnień);"struktura; ryzyko; model wewnętrzny";35
156;Czy SFCR zawiera informacje na temat metodyki agregacji i efektu dywersyfikacji? (sek. I wyt. 13, 1.27b wytyczne EIOPA dot. ujawnień);"agregacja; efekt dywersyfikacji";35
157;Czy SFCR zawiera informacje dotyczące opisu techniki stosowanej do integracji częściowego modelu wewnętrznego z formułą standardową, w tym w stosowanych przypadkach, opis zastosowanych technik alternatywnych? (art. 297 ust. 4c rozporządzenia delegowanego);integracja częściowego modelu wewnętrznego z formułą standardową;35
158;Czy SFCR zawiera informacje na temat opisu metod wykorzystywanych w modelu wewnętrznym do wyznaczania prognozy rozkładu prawdopodobieństwa i kapitałowego wymogu wypłacalności? (art. 297 ust. 4d rozporządzenia delegowanego);metody wykorzystywane;35
159;Czy SFCR zawiera informacje dotyczące głównych różnic w metodach i założeniach wykorzystywanych w formule standardowej i w modelu wewnętrznym (w podziale na moduły ryzyka)? (art. 297 ust. 4e rozporządzenia delegowanego);"różnica; metoda; założenia, formuła standardowa";35
160;"Czy SFCR zawiera informacje dotyczące ryzyka nieobjętego standardową formułą lecz objętego modelem
wewnętrznym? (sek. I wyt. 13, 1.27c wytyczne EIOPA dot. ujawnień)";ryzyko nieobjęte standardową formułą;35
161;Czy SFCR zawiera informacje dotyczące miary ryzyka i okresu wykorzystywane w modelu wewnętrznym oraz jeżeli różnią się one od tych określonych w art. 101 ust. 3 dyrektywy 2009/138/WE, wyjaśnienie, dlaczego kapitałowy wymóg wypłacalności obliczony z wykorzystaniem modelu wewnętrznego zapewnia ubezpieczającym i beneficjentom poziom ochrony równoważny z poziomem określonym w art. 101 tej dyrektywy? (art. 297 ust. 4f rozporządzenia delegowanego);"miara ryzyka; okres wykorzystywany w modelu wewnętrznym";35
162;Czy SFCR zawiera informacje na temat opisu charakteru i odpowiedniości danych wykorzystywanych w modelu wewnętrznym? (art. 297 ust. 4g rozporządzenia delegowanego);dane wykorzystywane w modelu wewnętrznym;35
163;"Czy SFCR, w odniesieniu do każdego przypadku niezgodności z minimalnym wymogiem kapitałowym, zawiera następujące informacje:
- okres trwania,
- maksymalna kwota każdej niezgodności w okresie sprawozdawczym, 
- wyjaśnienie źródeł i konsekwencji każdej niezgodności, 
- opis wszelkich zastosowanych środków naprawczych, o których mowa w art. 51 ust. 1 lit. e) ppkt (v) dyrektywy 2009/138/WE (art. 285 ust. 1 pkt 5 lit d) ustawy), 
- wyjaśnienie skutków takich środków naprawczych ? (art.297 ust. 5a rozporządzenia delegowanego)";"niezgodności z minimalnym wymogiem kapitałowym; 
okres; kwota;  środki naprawcze";36
164;Czy SFCR, w przypadku gdy niezgodność z minimalnym wymogiem kapitałowym  nie została usunięta, zawiera kwotę niezgodności na dzień sprawozdawczy? (art.297 ust. 5b rozporządzenia delegowanego);"niezgodność; kwota";36
165;"Czy SFCR w odniesieniu do każdego istotnego przypadku niezgodności z kapitałowym wymogiem wypłacalności danego zakładu zawiera następujące informacje: 
- okres trwania,
- maksymalna kwota każdej istotnej niezgodności, 
- wyjaśnienie jej źródeł i konsekwencji, 
- wszelkie zastosowane środki naprawcze, o których mowa w art. 51 ust. 1 lit. e) ppkt (v) dyrektywy 2009/138/WE  (art. 285 ust. 1 pkt 5 lit d) ustawy), 
- wyjaśnienie skutków takich środków naprawczych? (art.297 ust. 5c rozporządzenia delegowanego)";"niezgodności z kapitałowym wymogiem wypłacalności; okres;  kwota;  środki naprawcze";36
166;Czy SFCR, w przypadku gdy niezgodność z kapitałowym wymogiem wypłacalności  nie została usunięta, kwotę niezgodności na dzień sprawozdawczy? (art.297 ust. 5d rozporządzenia delegowanego);"niezgodność; kwota";36
167;"Inne istotne informacje dotyczące zarządzania kapitałem, jakie? (proszę o dopisanie jakie w kolumnie ""Uwagi"") (art. 297 ust. 6 rozporządzenia delegowanego)";inne istotne informacje ;37