ID_TAB;ID_SEKCJA NADRZĘDNA;ID_SEKCJA;NAZWA_SEKCJI;TREŚĆ;DATA SFCR;WERSJA SFCR;KOD ZAKŁADU
0;;;Podsumowanie;Podsumowanie Towarzystwo Ubezpieczeń i Reasekuracji Allianz Polska Spółka Akcyjna (zwane dalej „Towarzystwem”, „Zakładem Ubezpieczeń”, „Spółką”, „Allianz Polska”) z siedzibą w Warszawie przy ul. Rodziny Hiszpańskich 1 zostało założone na podstawie aktu notarialnego z dnia 5 listopada 1996 r. na czas nieograniczony. Towarzystwo zostało wpisane do Krajowego Rejestru Sądowego postanowieniem Sądu Rejonowego dla m. st. Warszawy, XIII Wydział Gospodarczy z dnia 19 lipca 2001 roku pod numerem 0000028261. Przedmiot działalności Towarzystwa stanowi prowadzenie działalności ubezpieczeniowej działu II, określonej w załączniku do ustawy z dnia 11 września 2015 roku o działalności ubezpieczeniowej i reasekuracyjnej oraz prowadzenie działalności reasekuracyjnej w kraju i za granicą. Towarzystwo wchodzi w skład Grupy Kapitałowej Allianz Societas Europaea (Allianz SE) z siedzibą w Monachium. Niniejsze Sprawozdanie zostało sporządzone na dzień 31 grudnia 2022 roku. Podstawa sporządzenia;31.12.2022;1;1
1;33.0;;E.2.3 Parametry i dane wejściowe służące do obliczania MCR;MCR Obliczenie poziomu MCR jest zgodne z metodyką opisaną w Dyrektywie Wypłacalność II i wykorzystuje jako parametr wejściowy do określania możliwego zakresu dla MCR: 1. odpowiedni SCR, 2. nieprzekraczalny dolny próg MCR wyrażony w EUR – do przeliczenia na zł wykorzystano średni kurs NBP z dnia 31 października 2022 roku, 3. najlepsze oszacowanie rezerw techniczno-ubezpieczeniowych netto, 4. składki przypisane w okresie ostatnich 12 miesięcy netto. Zmiany MCR są zatem wyjaśnione wraz z analizą ruchów SCR oraz zmianami w rozwoju biznesu. Poziom SCR jest obliczany w oparciu o formułę standardową. E.3 Zastosowanie podmodułu ryzyka cen akcji opartego na duracji do;31.12.2022;1;1
2;33.0;;E.2.2 Wykorzystanie parametrów specyficznych dla danego zakładu w standardowej formule;formule TUiR Allianz Polska S.A. nie stosuje do obliczania kapitałowego wymogu wypłacalności przy pomocy formuły standardowej parametrów specyficznych dla Zakładu. TUiR Allianz Polska S.;31.12.2022;1;1
3;33.0;;E.2.1 Użycie formuły standardowej i uproszczeń;"uproszczeń Zgodnie z Dyrektywą Wypłacalność II przy kalkulacji formuły standardowej kapitałowego wymogu wypłacalności w niektórych okolicznościach dopuszcza się stosowanie uproszczeń kalkulacji. TUiR Allianz Polska S.A. stosuje uproszczone podejście do obliczenia wielkości efektu ograniczania ryzyka dla umów reasekuracji lub sekurytyzacji w module ryzyka niewykonania zobowiązania przez kontrahenta zgodnie z artykułem 107 Aktu delegowanego. Zgodnie z Dyrektywą Wypłacalność II przy kalkulacji formuły standardowej kapitałowego wymogu wypłacalności w niektórych okolicznościach dopuszcza się stosowanie uproszczeń kalkulacji. TUiR Allianz Polska S.A. stosuje uproszczone podejście: 1. do obliczenia wymogu kapitałowego dla ryzyka braku kontynuacji umów ubezpieczenia w podmodule ryzyka związanego z rezygnacjami w ubezpieczeniach innych niż na życie zgodnie z artykułem 90a Rozporządzenia Delegowanego; 2. do obliczenia wymogu kapitałowego dla ryzyka pożaru zgodnie z artykułem 90c Rozporządzenia Delegowanego; 3. do obliczenia wymogu kapitałowego dla ryzyka braku kontynuacji umów ubezpieczenia w podmodule ryzyka związanego z rezygnacjami w ubezpieczeniach zdrowotnych o charakterze ubezpieczeń innych niż ubezpieczenia na życie zgodnie z artykułem 96a Rozporządzenia Delegowanego; 4. do obliczenia wielkości efektu ograniczania ryzyka dla umów reasekuracji lub sekurytyzacji w module ryzyka niewykonania zobowiązania przez kontrahenta zgodnie z artykułami 107 i 111 Rozporządzenia Delegowanego. E.2.2 Wykorzystanie parametrów specyficznych dla danego zakładu w";31.12.2022;1;1
4;32.0;;E.1.6 Struktura, wartość i jakość podstawowych środków własnych (po odliczeniach);odliczeniach) Podstawowe środki własne (po korektach) wynoszą 1 343,9 mln zł i składają się z 1 343.9 mln zł nieograniczonych środków własnych Kategorii 1. Tabela 23 zawiera szczegółowe informacje na temat poszczególnych pozycji podstawowych środków własnych i odpowiedniej klasyfikacji na kategorie: TUiR Allianz Polska S.;31.12.2022;1;1
5;32.0;;E.1.5 Dopuszczone środki własne (z wyłączeniem środków własnych z innych sektorów finansowych oraz z jednostek ujętych metodą odliczeń i agregacji);agregacji) Dopuszczone środki własne (z wyłączeniem środków własnych z innych sektorów finansowych oraz z jednostek ujętych metodą odliczeń i agregacji) wynikają z dostępnych środków własnych (z wyłączeniem środków własnych z innych sektorów finansowych oraz z jednostek ujętych metodą odliczeń i agregacji) po zastosowaniu limitów kategorii. Na dzień 31 grudnia 2022 roku, zastosowanie limitów kategorii nie doprowadziło do zmiany w strukturze, ani w łącznej kwocie dostępnych środków własnych na pokrycie SCR. Dopuszczone środki własne (z wyłączeniem środków własnych z innych sektorów finansowych oraz z jednostek ujętych metodą odliczeń i agregacji) TUiR Allianz Polska S.A. są przypisane w całości do Kategorii 1. E.1.6 Struktura, wartość i jakość podstawowych środków własnych (po;31.12.2022;1;1
6;32.0;;E.1.4 Podstawowe środki własne (po odliczeniach) i dostępne środki własne;własne Podstawowe środki własne są oparte na nadwyżce aktywów nad zobowiązaniami w wysokości 1 501,1 mln zł, która wywodzi się z bilansu ekonomicznego. Odliczenia od nadwyżki aktywów nad zobowiązaniami są dokonywane w odniesieniu do planowanej dywidendy oraz podatku od aktywów w wysokości 157,2 mln zł. TUiR Allianz Polska S.;31.12.2022;1;1
7;32.0;;E.1.3 Uzgodnienie nadwyżki aktywów nad zobowiązaniami pomiędzy sprawozdaniem statutowym a bilansem ekonomicznym;ekonomicznym Nadwyżka aktywów nad zobowiązaniami w bilansie ekonomicznym wynosi 1 501,1 mln zł, natomiast według sprawozdania statutowego kapitał własny wynosi 1 302,3 mln zł. Różnica wynika w głównej mierze z następujących kluczowych czynników: 1. Pozycje bilansu statutowego, które nie zostały ujęte w bilansie ekonomicznym (np. wartości niematerialne i prawne) oraz pozycje bilansu ekonomicznego, które nie są ujęte w bilansie statutowym (np. margines ryzyka). 2. Aktualizacja do wartości godziwej aktywów i zobowiązań, które są wyceniane według zamortyzowanego kosztu zgodnie z polskimi zasadami rachunkowości. 3. Różnice w ujmowaniu i wycenie rezerw techniczno-ubezpieczeniowych oraz kwot należnych z tytułu reasekuracji. 4. Udziały w jednostkach powiązanych. 5. Podatki odroczone na wyżej wymienionych różnicach bilansowych. Tabela 21 przedstawia dane ilościowe na temat wyżej wymienionych czynników. Tabela 21 Uzgodnienie nadwyżki aktywów nad zobowiązaniami pomiędzy bilansem statutowym a bilansem;31.12.2022;1;1
8;32.0;;E.1.2 Dopuszczone środki własne;własne Dopuszczone środki własne składają się z podstawowych środków własnych (po odliczeniach). Tabela 20 Dopuszczone środki własne;31.12.2022;1;1
9;30.0;;D.5.2 Pozostałe informacje;informacje Wszystkie istotne informacje dotyczące wyceny aktywów, rezerw techniczno-ubezpieczeniowych i innych zobowiązań dla celów wypłacalności zostały zaadresowane w powyższych punktach. TUiR Allianz Polska S.;31.12.2022;1;1
10;29.0;;D.4.9 Zobowiązania finansowe inne niż zobowiązania wobec instytucji kredytowych;kredytowych Zobowiązania są wycenione metodą zdyskontowanych przepływów pieniężnych. Wycena zobowiązań wg zdyskontowanych przepływów pieniężnych opiera się o bieżącą wartość stopy rynkowej wolnej od ryzyka. D.4.10 Zobowiązania z tytułu ubezpieczeń i wobec pośredników;31.12.2022;1;1
11;29.0;;D.4.8 Zobowiązania z tytułu depozytów zakładów reasekuracji;reasekuracji Zobowiązania z tytułu depozytów zakładów reasekuracji wyceniane są metodą zdyskontowanych przepływów pieniężnych. W ramach uproszczenia Spółka przyjmuje, że efekt dyskonta jest nieistotny dla przepływów, które zdarzają się w ciągu 6 miesięcy od daty bilansowej i dlatego dla rozrachunków krótkoterminowych przyjmowana jest wartość nominalna, jako racjonalne przybliżenie wartości godziwej. Wycena zobowiązań wg zdyskontowanych przepływów pieniężnych opiera się o bieżącą wartość stopy rynkowej wolnej od ryzyka powiększoną o premię za ryzyko własne ustaloną na dzień zawarcia umowy, z której dane zobowiązanie wynika. Tak wyliczona premia za ryzyko własne nie podlega późniejszym zmianom. D.4.9 Zobowiązania finansowe inne niż zobowiązania wobec instytucji;31.12.2022;1;1
12;29.0;;D.4.7 Pozostałe rezerwy (inne niż rezerwy techniczno-ubezpieczeniowe);techniczno-ubezpieczeniowe) Pozostałe rezerwy (inne niż rezerwy techniczno-ubezpieczeniowe) - wartość godziwa jest ustalana modelem zdyskontowanych przepływów pieniężnych. W ramach uproszczenia Spółka przyjmuje że efekt dyskonta jest nieistotny, dlatego dla Pozostałych rezerw innych niż rezerwy techniczono-ubezpieczeniowe wartość nominalna zobowiązania jest racjonalnym przybliżeniem wartości godziwej. W przypadku pozostałych rezerw wycena wg zdyskontowanych przepływów pieniężnych opiera się o bieżącą wartość stopy rynkowej wolnej od ryzyka powiększoną o premię za ryzyko własne ustaloną na dzień zawiązania rezerwy. Tak wyliczona premia za ryzyko własne nie podlega późniejszym zmianom. TUiR Allianz Polska S.;31.12.2022;1;1
13;29.0;;D.4.6 Pozostałe aktywa (niewykazane w innych pozycjach);pozycjach) Pozostałe należności (handlowe, inne niż z działalności ubezpieczeniowej) są wyceniane metodą zdyskontowanych przepływów pieniężnych. W ramach uproszczenia Spółka przyjmuje że efekt dyskonta jest nieistotny dla przepływów, które zdarzają się w ciągu 6 miesięcy od daty bilansowej i dlatego dla rozrachunków krótkoterminowych wartość nominalna jest racjonalnym przybliżeniem wartości godziwej. D.4.7 Pozostałe rezerwy (inne niż rezerwy techniczno-ubezpieczeniowe);31.12.2022;1;1
14;29.0;;D.4.5 Środki pieniężne i ekwiwalenty środków pieniężnych;pieniężnych Środki pieniężne i ekwiwalenty środków pieniężnych wyceniane są w wartości nominalnej powiększonej o zarachowane odsetki, jeśli dotyczy. Ze względu na wysoki stopień płynności tych aktywów oraz ich ulokowanie w instytucjach finansowych o wysokiej wiarygodności kredytowej wycena jest racjonalnym przybliżeniem wartości godziwej. D.4.6 Pozostałe aktywa (niewykazane w innych pozycjach);31.12.2022;1;1
15;29.0;;D.4.4 Pozostałe należności (handlowe, inne niż z działalności ubezpieczeniowej);ubezpieczeniowej) Pozostałe należności (handlowe, inne niż z działalności ubezpieczeniowej) są wyceniane metodą zdyskontowanych przepływów pieniężnych. W ramach uproszczenia Spółka przyjmuje że efekt dyskonta jest nieistotny dla przepływów, które zdarzają się w ciągu 6 miesięcy od daty bilansowej i dlatego dla rozrachunków krótkoterminowych wartość nominalna jest racjonalnym przybliżeniem wartości godziwej. D.4.5 Środki pieniężne i ekwiwalenty środków pieniężnych;31.12.2022;1;1
16;29.0;;D.4.3 Należności z tytułu ubezpieczeń i od pośredników ubezpieczeniowych / Należności z tytułu reasekuracji biernej;biernej Wartość godziwa należności z tytułu ubezpieczeń i od pośredników ubezpieczeniowych oraz Należności z tytułu reasekuracji biernej, jest ustalana z pomocą metody zdyskontowanych przepływów pieniężnych opisanej powyżej. Stopa dyskontowa odpowiada stopie rynkowej wolnej od ryzyka powiększonej o premię za ryzyko. D.4.4 Pozostałe należności (handlowe, inne niż z działalności;31.12.2022;1;1
17;29.0;;D.4.2 Lokaty;Lokaty Lokaty są wyceniane w wartości godziwej przy braku cen notowanych na aktywnym rynku zgodnie z technikami wyceny wymienionymi w MSSF 13 oraz wytycznymi Wypłacalność II i są to: •;31.12.2022;1;1
18;29.0;;D.4.1 Nieruchomości, maszyny i wyposażenie wykorzystywane na użytek własny;własny Rzeczowe aktywa trwałe są wyceniane głównie w oparciu o podejście dochodowe lub podejście rynkowe na podstawie cen rynkowych porównywalnych aktywów na aktywnych rynkach. Wartości godziwe są albo obliczane wewnętrznie i weryfikowane przez ekspertów zewnętrznych lub pochodzą z wycen ekspertów i ustanowione są kontrole wewnętrzne w celu monitorowania tych wycen. Dla pozostałych rzeczowych aktywów trwałych przyjęte jest uproszczenie, iż ich wartość oszacowana wg kosztu nabycia pomniejszonego o amortyzację i odpisy z tytułu trwałej utraty wartości stanowi właściwe przybliżenie wartości godziwej Do wyceny nieruchomości znajdującej się w posiadaniu TUiR Allianz Polska S.A. rzeczoznawca zastosował podejście dochodowe, metody inwestycyjnej oraz techniki dyskontowania strumieni dochodów. Podejście dochodowe polega na określaniu wartości nieruchomości przy założeniu, że jej nabywca zapłaci za nią cenę, której wysokość uzależni od przewidywanego dochodu, jaki uzyska z nieruchomości. Stosuje się je przy wycenie nieruchomości przynoszących lub mogących przynosić dochód. D.4.2 Lokaty;31.12.2022;1;1
19;29.0;;D.4.10 Zobowiązania z tytułu ubezpieczeń i wobec pośredników ubezpieczeniowych / Zobowiązania z tytułu reasekuracji biernej / Pozostałe zobowiązania (niewykazane w innych pozycjach);pozycjach) Zobowiązania są wycenione metodą zdyskontowanych przepływów pieniężnych. W ramach uproszczenia Spółka przyjmuje, że efekt dyskonta jest nieistotny dla przepływów, które zdarzają się w ciągu 6 miesięcy od daty bilansowej i dlatego dla rozrachunków krótkoterminowych przyjmowana jest wartość nominalna jako racjonalne przybliżenie wartości godziwej. Wycena zobowiązań wg zdyskontowanych przepływów pieniężnych opiera się o bieżącą wartość stopy rynkowej wolnej od ryzyka powiększoną o premię za ryzyko własne ustaloną na dzień zawarcia umowy, z której dane zobowiązanie wynika. Tak wyliczona premia za ryzyko własne nie podlega późniejszym zmianom. D.5 Wszelkie inne informacje;31.12.2022;1;1
20;28.0;;D.3.8 Pozostałe zobowiązania (niewykazane w innych pozycjach);pozycjach) Pozostałe zobowiązania (niewykazane w innych pozycjach) obejmują m.in. zobowiązania wobec budżetu państwa, zobowiązania z tytułu nierozliczonych transakcji inwestycyjnych. Zobowiązania wobec budżetu państwa są wyceniane według wartości godziwej lub z wykorzystaniem alternatywnej metody wyceny opisanej w punkcie D.4. W bilansie statutowym pozostałe zobowiązania są wycenione w wartości nominalnej. Różnica wynika z wyceny do wartości godziwej przychodów przyszłych okresów, które w bilansie ekonomicznym mają wartość zero. Są to zobowiązania krótkoterminowe, o terminie wymagalności do 1 roku. Spółka nie identyfikuje istotnej niepewności w zakresie kwoty oraz czasu przepływów pieniężnych i nie uwzględnia ryzyka odchylenia w wycenie. D.4 Alternatywne metody wyceny;31.12.2022;1;1
21;28.0;;D.3.7 Zobowiązania z tytułu reasekuracji biernej;biernej Zobowiązania z tytułu reasekuracji biernej są to kwoty zobowiązań wobec reasekuratorów, które nie są ujęte w kwotach należnych z tytułu reasekuracji. Wartość godziwa zobowiązań z tytułu reasekuracji biernej jest ustalona z wykorzystaniem alternatywnej metody wyceny opisanej w rozdziale D.4. W polskich zasadach rachunkowości zobowiązania z tytułu reasekuracji biernej wyceniane są w wartości nominalnej. Różnica pomiędzy bilansem statutowym a bilansem ekonomicznym odnosi się głównie do rozpoznania zobowiązań z tytułu składek, które są ujęte jako niewymagalne zgodnie z polskimi zasadami rachunkowości, natomiast w bilansie ekonomicznym są ujmowane w najlepszym oszacowaniu rezerw techniczno-ubezpieczeniowych jako przyszłe przepływy pieniężne. Są to zobowiązania krótkoterminowe, o terminie wymagalności do 1 roku. Spółka nie identyfikuje istotnej niepewności w zakresie kwoty oraz czasu przepływów pieniężnych i nie uwzględnia ryzyka odchylenia w wycenie. D.3.8 Pozostałe zobowiązania (niewykazane w innych pozycjach);31.12.2022;1;1
22;28.0;;D.3.6 Zobowiązania z tytułu ubezpieczeń i wobec pośredników ubezpieczeniowych;ubezpieczeniowych Zobowiązania z tytułu ubezpieczeń i wobec pośredników ubezpieczeniowych odnoszą się do wymagalnych płatności wobec ubezpieczających, zakładów ubezpieczeń i innych osób uczestniczących w działalności ubezpieczeniowej, które nie są ujęte w rezerwach techniczno-ubezpieczeniowych. Obejmują również płatności wobec pośredników ubezpieczeniowych lub reasekuracyjnych. Wartość godziwa zobowiązań z tytułu ubezpieczeń i wobec pośredników ubezpieczeniowych jest ustalona z wykorzystaniem alternatywnej metody wyceny – metody zdyskontowanych przepływów pieniężnych opisanej w rozdziale D.4. W polskich zasadach rachunkowości zobowiązania z tytułu ubezpieczeń i wobec pośredników ubezpieczeniowych wyceniane są w wartości nominalnej. Różnica pomiędzy bilansem statutowym a bilansem ekonomicznym odnosi się głównie do rozpoznania zobowiązań wobec pośredników z tytułu składek, które są ujęte jako należności niewymagalne zgodnie z polskimi zasadami rachunkowości, natomiast w bilansie ekonomicznym są ujmowane w najlepszym oszacowaniu rezerw techniczno-ubezpieczeniowych jako przyszłe przepływy pieniężne. Są to zobowiązania krótkoterminowe, o terminie wymagalności do 1 roku. Spółka nie identyfikuje istotnej niepewności w zakresie kwoty oraz czasu przepływów pieniężnych i nie uwzględnia ryzyka odchylenia w wycenie. TUiR Allianz Polska S.;31.12.2022;1;1
23;28.0;;D.3.5 Zobowiązania finansowe inne niż zobowiązania wobec instytucji kredytowych;kredytowych W pozycji Zobowiązania finansowe inne niż zobowiązania wobec instytucji kredytowych Spółka ujmuje zobowiązania z tytułu leasingu dotyczące prawa wieczystego użytkowania gruntu, umów najmu lokali biurowych oraz leasingu samochodów służbowych. Wartość godziwa Zobowiązań finansowych innych niż wobec instytucji kredytowych jest ustalona z wykorzystaniem alternatywnej metody wyceny – metody zdyskontowanych przepływów pieniężnych opisanej w rozdziale D.4. D.3.6 Zobowiązania z tytułu ubezpieczeń i wobec pośredników;31.12.2022;1;1
24;28.0;;D.3.4 Rezerwy z tytułu odroczonego podatku dochodowego;dochodowego Rezerwa z tytułu odroczonego podatku dochodowego jest wyliczona w sposób analogiczny jak aktywa z tytułu odroczonego podatku dochodowego została opisana szczegółowo w punkcie D.1.3. D.3.5 Zobowiązania finansowe inne niż zobowiązania wobec instytucji;31.12.2022;1;1
25;28.0;;D.3.3 Zobowiązania z tytułu depozytów zakładów reasekuracji;reasekuracji Depozyty zakładów reasekuracji obejmują kwoty otrzymane od reasekuratora lub potrącane przez reasekuratora zgodnie z umową reasekuracji. TUiR Allianz Polska S.;31.12.2022;1;1
26;28.0;;D.3.2 Pozostałe rezerwy (inne niż rezerwy techniczno-ubezpieczeniowe);techniczno-ubezpieczeniowe) W pozycji Pozostałe rezerwy prezentowane są m.in. rozliczenia międzyokresowe bierne z tytułu spóźnionych faktur, rezerwy pracownicze, rezerwy na programy motywacyjne, rezerwy na premie i nagrody dla pracowników, oraz rezerwy dotyczące kosztów sądowych, rezerwy na restrukturyzację itp. Pozostałe rezerwy są wyceniane w wartości godziwej ustalonej metodą alternatywną opisaną w punkcie D.4. Różnica wynika ze zmian w prezentacji rezerw dotyczących zobowiązań z tytułu prowizji oraz rezerw dotyczących reasekuracji, które w bilansie ekonomicznym zostały przeniesione odpowiednio do pozycji Zobowiązania z tytułu ubezpieczeń i wobec pośredników ubezpieczeniowych oraz do pozycji Zobowiązania z tytułu reasekuracji biernej. Są to zobowiązania krótkoterminowe, o terminie wymagalności do 1 roku. Przyszłe źródła niepewności w wycenie tej kategorii zobowiązań wynikać mogą z ewentualnych rozstrzygnięć sporów sądowych, w których spółka jest stroną, zmian na rynku pracy lub szeroko pojętych zmian regulacyjnych. Spółka nie uwzględnia ryzyka odchylenia w wycenie. D.3.3 Zobowiązania z tytułu depozytów zakładów reasekuracji;31.12.2022;1;1
27;28.0;;D.3.1 Zobowiązania warunkowe;warunkowe Zobowiązania warunkowe, które są istotne, muszą być ujęte w bilansie ekonomicznym. Zobowiązania warunkowe są wyceniane w oczekiwanej wartości bieżącej przyszłych przepływów pieniężnych potrzebnych do uregulowania zobowiązania warunkowego w okresie istnienia tego zobowiązania stosując podstawową strukturę terminową stóp procentowych wolnych od ryzyka. Zgodnie z polskimi zasadami rachunkowości, zobowiązania warunkowe nie są wykazywane w bilansie, ale ujawnia się je w informacji dodatkowej. W TUiR Allianz Polska S.A. na dzień 31 grudnia 2022 roku nie wystąpiły zobowiązania warunkowe ani w sprawozdaniu statutowym ani w bilansie ekonomicznym. Przyszłe źródła niepewności w wycenie tej kategorii zobowiązań wynikać mogą z ewentualnych rozstrzygnięć sporów sądowych, w których Spółka jest stroną, lub szeroko pojętych zmian regulacyjnych. Spółka nie uwzględnia ryzyka odchylenia w wycenie zobowiązań. D.3.2 Pozostałe rezerwy (inne niż rezerwy techniczno-ubezpieczeniowe);31.12.2022;1;1
28;27.0;;D.2.5 Istotne zmiany od ostatniej daty bilansowej Tabela 18 Rezerwy Techniczno - Ubezpieczeniowe według stanu na 31 grudnia 2022r. w mln PLN Najlepsze oszacowanie brutto Wartość na początek okresu sprawozdawczego 2 479;479 Czynniki szczególne powodujące konieczność ponownego określenia najlepszego oszacowania na początek okresu sprawozdawczego 7 Zmiany zakresu portfela -8 Zmiany kursów walut 4 Zmiana z tytułu ryzyk objętych ochroną po zakończeniu okresu sprawozdawczego -131 Zmiana z tytułu ryzyk przyjętych w trakcie okresu sprawozdawczego 1 033 Zmiana z tytułu rozwoju stopy dyskontowej - ryzyka przyjęte przed okresem sprawozdawczym 45 Zmiana z tytułu wypływów i wypływów prognozowanych przepływów finansowych w roku 2020 - ryzyka przyjęte przed okresem sprawozdawczym -1 196 Zmiana wynikającą z doświadczenia - ryzyka przyjęte przed okresem sprawozdawczym 322 TUiR Allianz Polska S.;31.12.2022;1;1
29;27.0;;D.2.4 Uproszczenia przyjęte w kalkulacji rezerw techniczno-ubezpieczeniowych;techniczno-ubezpieczeniowych Spółka stosuje uproszczenia w kalkulacji następujących elementów najlepszego oszacowania rezerw techniczno-ubezpieczeniowych : Margines Ryzyka;31.12.2022;1;1
30;27.0;;D.2.3 Różnice w wycenie rezerw na potrzeby sprawozdania finansowego i wypłacalności;wypłacalności Poniższa tabela przedstawia różnicę w sposobie wyceny rezerw przedstawionych w sprawozdaniu finansowym Spółki i na potrzeby wypłacalności na datę bilansową 31 grudnia 2022 roku wraz z danymi porównawczymi na datę 31 grudnia 2021 roku. Tabela 17 Rezerwy Techniczno - Ubezpieczeniowe według stanu na dzień 31 grudnia 2022r. oraz 31;31.12.2022;1;1
31;27.0;;D.2.2 Metodologia wyceny najlepszego oszacowania i marginesu ryzyka;ryzyka Zobowiązania techniczno-ubezpieczeniowe Spółki kalkulowane są zgodnie z artykułami 76-82 i 86 Dyrektywy Parlamentu Europejskiego i Rady 2009/138/WE z dnia 25 listopada 2009 roku (zwanej dalej „Dyrektywą”) w sprawie podejmowania i prowadzenia działalności ubezpieczeniowej i reasekuracyjnej (Wypłacalność II). Najlepsza wycena zobowiązań uwzględnia wszystkie zobowiązania Spółki wobec ubezpieczających i beneficjentów wynikające z umów ubezpieczeniowych oraz reasekuracyjnych zawartych na datę bilansową 31 grudnia 2022. Wartość rezerw techniczno-ubezpieczeniowych jest równa sumie najlepszego oszacowania i marginesu ryzyka i odpowiada bieżącej kwocie, którą Spółka musiałaby zapłacić, gdyby dokonała natychmiastowego przeniesienia swoich praw i zobowiązań na inny zakład ubezpieczeń lub reasekuracji. Najlepsze oszacowanie obliczane jest w wysokości brutto, bez pomniejszania o kwoty należne z umów reasekuracji i odpowiada wartości obecnej przyszłych przepływów pieniężnych. Spółka stosuje strukturę terminową stopy procentowej wolnej od ryzyka wyznaczoną zgodnie z wytycznymi Europejskiego Urzędu Nadzoru. Na dzień 31 grudnia 2022 Spółka nie stosowała korekty dopasowującej oraz korekty z tytułu zmienności. Najlepsze oszacowanie obliczane jest oddzielnie dla rezerwy składki oraz rezerwy na niewypłacone świadczenia i odszkodowania (zwanej dalej „rezerwą szkodową”). Rezerwa składki;31.12.2022;1;1
32;26.0;;D.1.9 Pozostałe należności (handlowe, inne niż z działalności ubezpieczeniowej);ubezpieczeniowej) Wartość godziwa pozostałych należności (handlowe, inne niż z działalności ubezpieczeniowej) jest ustalana w bilansie ekonomicznym z wykorzystaniem metody alternatywnej opisanej w rozdziale D.4. Przyszłe źródła niepewności w wycenie tej kategorii aktywów wynikać mogą z niewywiązania się kontrahenta ze zobowiązania. D.1.10 Środki pieniężne i ekwiwalenty środków pieniężnych;31.12.2022;1;1
33;26.0;;D.1.8 Należności z tytułu reasekuracji biernej;biernej Należności z tytułu reasekuracji biernej są wyceniane w bilansie ekonomicznym z wykorzystaniem metody alternatywnej opisanej w rozdziale D.4. W polskich zasadach rachunkowości należności z tytułu reasekuracji biernej wyceniane są w wartości nominalnej pomniejszonej o odpisy z tytułu trwałej utraty wartości. Różnica pomiędzy bilansem dla celów rachunkowości a bilansem ekonomicznym odnosi się głównie do rozpoznania składek, które są już ujęte jako należności niewymagalne zgodnie z polskimi zasadami rachunkowości, natomiast w bilansie ekonomicznym są ujmowane w kwotach należnych z reasekuracji biernej jako przyszłe przepływy pieniężne. Ponadto zgodnie z Art. 41 ust. 3 Rozporządzenia delegowanego, należności niewymagalne z tytułu wypłaconych odszkodowań i świadczeń są prezentowane w pozycji Pozostałe aktywa (niewykazane w innych pozycjach). Przyszłe źródła niepewności w wycenie tej kategorii aktywów wynikać mogą z niewywiązania się kontrahenta ze zobowiązania. D.1.9 Pozostałe należności (handlowe, inne niż z działalności;31.12.2022;1;1
34;26.0;;D.1.7 Należności z tytułu ubezpieczeń i należności od pośredników ubezpieczeniowych;ubezpieczeniowych Wartość należności z tytułu ubezpieczeń i należności od pośredników ubezpieczeniowych jest wyceniona z wykorzystaniem alternatywnej metody wyceny opisanej w rozdziale D.4. TUiR Allianz Polska S.;31.12.2022;1;1
35;26.0;;D.1.6 Kwoty należne z umów reasekuracji;"reasekuracji Kwoty należne z umów reasekuracyjnych dla szkód zgłoszonych do Spółki na dzień bilansowy wyznaczane są indywidualnie w oparciu o warunki określone w zawartych umowach reasekuracyjnych. Dla szkód zaszłych do lub w dniu wyceny i niezgłoszonych do Spółki oraz dla szkód zachodzących po dacie bilansowej udział reasekuratora wyznaczany jest metodami statystycznymi w oparciu o historyczne dane szkodowe i obowiązujące programy reasekuracyjne. Udział reasekuratora korygowany jest o szacowane poniesione straty wynikające z niewykonania zobowiązania przez kontrahentów reasekuracyjnych. Różnica pomiędzy polskimi zasadami rachunkowości a wartością z bilansu ekonomicznego wynika z innej podstawy wyceny opisanej powyżej. Dodatkowe informacje w tym zakresie zostały zawarte w rozdziale D.2 ""Rezerwy techniczno-ubezpieczeniowe"". Do wyceny tej pozycji Spółka nie wykorzystuje ocen eksperckich innych niż szacunki, które mogłyby istotnie wpłynąć na ujętą wartość. Przyszłe źródła niepewności w wycenie tej kategorii aktywów wynikać mogą z niewywiązania się kontrahenta ze zobowiązania. D.1.7 Należności z tytułu ubezpieczeń i należności od pośredników";31.12.2022;1;1
36;26.0;;D.1.5 Lokaty (inne niż aktywa dla ubezpieczeń na życie, w których świadczenie jest ustalane w oparciu o określone indeksy lub inne wartości bazowe i dla ubezpieczeń na życie związanych z ubezpieczeniowym funduszem kapitałowym);kapitałowym) Lokaty są wyceniane w wartości godziwej dla celów wypłacalności. Gdy są dostępne ceny notowane na aktywnych rynkach dla wyceny inwestycji, ceny te są wykorzystywane do wyceny w bilansie ekonomicznym. Aktywny rynek jest zgodny z definicją MSSF 13, Załącznik A, gdzie aktywny rynek jest rynkiem, na którym transakcje dotyczące aktywów lub pasywów odbywają się z dostateczną częstotliwością i ilością, aby dostarczyć informacji cenowej na bieżąco. Aktywny rynek jest rynkiem, gdzie spełnione są wszystkie następujące warunki: •;31.12.2022;1;1
37;26.0;;D.1.4 Nieruchomości, maszyny i wyposażenie wykorzystywane na użytek własny;własny Rzeczowe aktywa trwałe są wyceniane w wartości godziwej, która ustalana jest metodami alternatywnymi opisanymi w punkcie D.4. Różnica pomiędzy wartościami bilansu statutowego oraz bilansu ekonomicznego wynika z zastosowanych metod wyceny. Rzeczowe aktywa trwałe są wyceniane według cen nabycia lub kosztów wytworzenia lub wartości przeszacowanej, pomniejszonych o odpisy amortyzacyjne lub umorzeniowe, a także odpisy z tytułu trwałej utraty wartości zgodnie z polskimi zasadami rachunkowości, natomiast w bilansie ekonomicznym są one wycenione w wartości godziwej. Spółka przeprowadziła aktualizację wyceny nieruchomości wg stanu na 31.12.2022 w oparciu o swoją najlepszą wiedzę i obserwacje rynkowe i szacunek ten odzwierciedla wartość godziwą na 31.12.2022. Przyszłe źródła niepewności w wycenie tej kategorii aktywów wynikać mogą z ewentualnych zmian na rynku nieruchomości wpływających na wartość rynkową nieruchomości oraz zmian technologicznych warunkujących ceny rynkowe maszyn i wyposażenia. TUiR Allianz Polska S.;31.12.2022;1;1
38;26.0;;D.1.3 Aktywa z tytułu odroczonego podatku dochodowego;dochodowego Aktywa z tytułu odroczonego podatku dochodowego są to kwoty podatku dochodowego do odzyskania w przyszłych okresach w związku z wystąpieniem różnic przejściowych między wartością bilansową aktywów i pasywów TUiR Allianz Polska S.A. w bilansie ekonomicznym a ich wartością podatkową. Różnice przejściowe będące różnicami pomiędzy wartością aktywów i zobowiązań rozpoznanych i wycenionych zgodnie z Dyrektywą Wypłacalność II i odpowiadającą im podstawą opodatkowania są analizowane na poziomie poszczególnych składników aktywów lub zobowiązań. Podatki odroczone są rozpoznawane i wyceniane w odniesieniu do wszystkich aktywów i zobowiązań raportowanych w bilansie ekonomicznym lub dla celów podatkowych.;31.12.2022;1;1
39;26.0;;D.1.2 Wartości niematerialne i prawne;prawne Wartości niematerialne i prawne zgodnie z Art. 12 Rozporządzenia Delegowanego Komisji (UE) 2015/35 z dnia 10 października 2014 r. są wycenione w bilansie ekonomicznym w wartości zero. Zgodnie z polskimi zasadami rachunkowości wartości niematerialne i prawne są wyceniane według cen nabycia, kosztów wytworzenia lub wartości przeszacowanej, pomniejszonych o odpisy amortyzacyjne lub umorzeniowe, a także odpisy z tytułu trwałej utraty wartości. D.1.3 Aktywa z tytułu odroczonego podatku dochodowego;31.12.2022;1;1
40;26.0;;D.1.1 Aktywowane koszty akwizycji;akwizycji Aktywowane koszty akwizycji zgodnie z Art. 12 Rozporządzenia Delegowanego Komisji (UE) 2015/35 z dnia 10 października 2014 r. zostały wycenione w bilansie ekonomicznym w wartości zero. Zgodnie z polskimi zasadami rachunkowości koszty akwizycji w części przypadającej na przyszłe okresy sprawozdawcze są rozliczane w czasie, na zasadach obowiązujących przy tworzeniu rezerwy składek. D.1.2 Wartości niematerialne i prawne;31.12.2022;1;1
41;26.0;;D.1.11 Pozostałe aktywa (niewykazane w innych pozycjach);pozycjach) Pozostałe aktywa (niewykazane w innych pozycjach) obejmują wszelkie aktywa, które nie są ujęte w innych pozycjach bilansowych Są one wyceniane według wartości godziwej metodą alternatywną opisaną w punkcie D.4. Zgodnie z Art. 41 ust. 3 Rozporządzenia delegowanego, w tej pozycji są prezentowane należności niewymagalne z tytułu wypłaconych odszkodowań i świadczeń. Różnica pomiędzy bilansem dla celów rachunkowości a bilansem ekonomicznym wynika z zastosowania innych metod wyceny oraz ze zmian w prezentacji. Przyszłe źródła niepewności w wycenie tej kategorii aktywów wynikać mogą z niewywiązania się kontrahenta z zobowiązania. D.2 Rezerwy techniczno - ubezpieczeniowe;31.12.2022;1;1
42;26.0;;D.1.10 Środki pieniężne i ekwiwalenty środków pieniężnych;pieniężnych Środki pieniężne i ich ekwiwalenty wyceniane są metodą alternatywną opisaną w rozdziale D.4. Różnicę między wartością wg polskich zasad rachunkowości a bilansem ekonomicznym stanowią środki pieniężne Zakładowego Funduszu Świadczeń Socjalnych, które nie są wykazywane w bilansie ekonomicznym. Spółka nie identyfikuje istotnych przyszłych źródeł niepewności w odniesieniu do tej kategorii aktywów. TUiR Allianz Polska S.;31.12.2022;1;1
43;22.0;;C.5.1 Istotne zmiany w okresie sprawozdawczym;sprawozdawczym Portfel spółki w części pochodzącej z byłej spółki Aviva TUO S.A. został objęty standardami i metodyka Grupy Allianz w zakresie środków zastosowanych w celu oceny ryzyka operacyjnego. W okresie sprawozdawczym rozwijany był proces monitorowania ryzyk operacyjnych i środowiska kontroli (Integrated Risk and Control System) – w szczególności w zakresie monitorowania ryzyk obszaru technologii informatycznych i skuteczności działań mitygujących. W okresie sprawozdawczym Spółka obserwuje wzrost ekspozycji na ryzyko operacyjne związane z: •;31.12.2022;1;1
44;21.0;;C.4.1 Istotne zmiany w okresie sprawozdawczym;sprawozdawczym Portfel Spółki w części pochodzącej z byłej spółki Aviva TUO S.A. został objęty standardami i metodyką Grupy Allianz w zakresie środków zastosowanych w celu oceny ryzyka płynności. W okresie sprawozdawczym nie było innych istotnych zmian w środkach zastosowanych w celu oceny ryzyka aktuarialnego w Spółce. W okresie sprawozdawczym nie było istotnych zmian w ekspozycji Spółki na ryzyko płynności. C.5 Ryzyko operacyjne;31.12.2022;1;1
45;20.0;;C.3.4 Istotne zmiany w okresie sprawozdawczym;sprawozdawczym Portfel Spółki w części pochodzącej z byłej spółki Aviva TUO S.A. został objęty standardami i metodyką Grupy Allianz w zakresie środków zastosowanych w celu oceny ryzyka kredytowego. W okresie sprawozdawczym nie było innych istotnych zmian w środkach zastosowanych w celu oceny ryzyka aktuarialnego w Spółce. Spółka sprzedała jednostki funduszy inwestycyjnych, na których zostało zastosowane podejście „Look-Through Approach” (205 mln zł w drugim kwartale oraz 161 mln zł w czwartym kwartale). W okresie sprawozdawczym nastąpił wzrost wartości depozytów i środków pieniężnych, łącznie o 216 mln zł, co wpływało na wzrost wartości ryzyka kredytowego (ryzyko spreadów kredytowych, ryzyko koncentracji aktywów, ryzyko niewykonania zobowiązania przez kontrahenta). Spółka zaktualizowała sumę ubezpieczenia największej koncentracji na ryzyko pożaru w promieniu 200 metrów w podmodule ryzyka katastroficznego w ubezpieczeniach innych, niż na życie. Zmiana ta spowodowała spadek wielkości efektu mitygacji ryzyka w kalkulacji modułu ryzyka niewykonania zobowiązania przez kontrahenta oraz spadek wartości tego ryzyka. W okresie sprawozdawczym nie było innych istotnych zmian w ekspozycji na ryzyko kredytowe dla Spółki. C.4 Ryzyko płynności;31.12.2022;1;1
46;20.0;;C.3.3 Dywersyfikacja oraz ograniczanie ryzyk;ryzyk TUiR Allianz Polska S.A. używa następujących technik mitygacji ryzyka w celu ograniczenia ryzyka niewykonania zobowiązania przez kontrahenta.;31.12.2022;1;1
47;20.0;;C.3.2 Ryzyko kredytowe – reasekuracja;reasekuracja Ryzyko kredytowe z tytułu reasekuracji powstaje, gdy ekspozycja na ryzyko ubezpieczeniowe jest transferowana przez Spółkę do reasekuratorów, w celu ograniczania ryzyka ubezpieczeniowego. Potencjalna strata może się pojawić zarówno z tytułu nieodzyskiwalności wymaganych należności reasekuracyjnych, jak i z tytułu utraty pokrycia reasekuracyjnego na dany okres. Koncentracja ryzyka Istotna koncentracja w zakresie reasekuracji występuje wobec podmiotów z grupy kapitałowej, do której Spółka należy.;31.12.2022;1;1
48;20.0;;C.3.1 Ryzyko kredytowe – portfel inwestycyjny;inwestycyjny Składka zbierana od ubezpieczających oraz kapitał, który jest potrzebny, aby prowadzić działalność ubezpieczeniową są inwestowane w większości w instrumenty o stałym dochodzie, np. w obligacje skarbowe, w obligacje korporacyjne lub w pożyczki. Spółka jest narażona na potencjalne straty w wycenie aktywów Zakładu, które mogą wyniknąć ze zmian jakości kredytowej emitentów posiadanych instrumentów. Koncentracja ryzyka Spółka posiada koncentrację w obligacjach skarbowych. Ponadto Spółka obserwuje koncentrację ekspozycji na akcje w ramach udziałów w podmiotach z grupy kapitałowej, do której Spółka należy: TU Allianz Życie Polska S.A., TFI Allianz Polska S.A., PTE Allianz Polska S.A., Allianz Polska Services Sp. z o.o. W przypadku ryzyka spreadów kredytowych Spółka rozpoznaje koncentrację w ekspozycjach o stopniu jakości kredytowej A. C.3.2 Ryzyko kredytowe – reasekuracja;31.12.2022;1;1
49;19.0;;C.2.7 Istotne zmiany w okresie sprawozdawczym;sprawozdawczym Spółka zaktualizowała system limitów na ryzyko rynkowe podczas aktualizacji wewnętrznej Strategii Ryzyka. Ponadto Spółka dokonała aktualizacji limitów inwestycyjnych w ramach aktualizacji SAA na 2022 rok. Portfel Spółki w części pochodzącej z byłej spółki Aviva TUO S.A. został objęty standardami i metodyką Grupy Allianz w zakresie środków zastosowanych w celu oceny ryzyka rynkowego. W okresie sprawozdawczym nie było innych istotnych zmian w środkach zastosowanych w celu oceny ryzyka aktuarialnego w Spółce. Obserwowany był wzrost poziomu stóp wolnych od ryzyka w związku z podwyżkami stóp procentowych przeprowadzonych przez Radę Polityki Pieniężnej w 2022 roku w związku z przeciwdziałaniem rosnącej inflacji. Wzrost poziomu stóp wolnych od ryzyka spowodował wzrost ryzyka stóp procentowych. TUiR Allianz Polska S.;31.12.2022;1;1
50;19.0;;C.2.6 Ciągła skuteczność mitygacji ryzyka;ryzyka Stosowane techniki ograniczania ryzyka rynkowego są monitorowane w zakresie ciągłej ich skuteczności. Odbywa się to przede wszystkim poprzez: stałe monitorowanie realizacji systemu limitów inwestycyjnych oraz struktury i wielkości wymogu kapitałowego SCR, w tym jego części związanej z ryzykiem rynkowym, i w konsekwencji prowadzenia działalności zgodnie z przyjętym apetytem na ryzyko. Monitorowany wymóg SCR, w tym dla poszczególnych typów ryzyka, obliczany jest kwartalnie. W ramach monitorowania uwzględnia się szczególnie wpływ efektywnego dopasowania przepływów pieniężnych z aktywów i zobowiązań zakładu i związanych z nim ryzyk. Dodatkowo na bazie ciągłej odbywa się monitorowanie zdarzeń operacyjnych (które mogą prowadzić do wystąpienia różnych typów ryzyka), oraz mitygacji, rozwoju i pojawiania się nowych istotnych zagrożeń i ryzyk kluczowych, które są raportowane kwartalnie. C.2.7 Istotne zmiany w okresie sprawozdawczym;31.12.2022;1;1
51;19.0;;C.2.5 Ryzyko stopy procentowej;procentowej Z uwagi na długoterminowy charakter zobowiązań ubezpieczeniowych, Spółka jest narażona na ryzyko związane ze spadkiem/wzrostem stóp procentowych. Wzajemna zależność pomiędzy strategią inwestycyjną i zobowiązaniami wobec ubezpieczonych jest integralną częścią systemu zarządzania ryzykiem. Ryzyko stóp procentowych jest odzwierciedlone w profilu ryzyka jak również TUiR Allianz Polska S.;31.12.2022;1;1
52;19.0;;C.2.4 Ryzyko cen akcji;akcji Ryzyko cen akcji wynika ze zmiany wartości rynkowej portfela aktywów i zobowiązań na skutek zmian kursów akcji i indeksów. Strategiczna Alokacja Aktywów oraz limity inwestycyjne służą do zarządzania oraz monitorowania wysokości ekspozycji wobec tego typu ryzyka. Dodatkowo inwestycje w akcje są kontrolowane w ramach systemu zarządzania ryzykiem kredytowym CRisP, aby skutecznie unikać nadmiernej koncentracji. Ponadto Spółka posiada odpowiedni limit wrażliwości na ryzyko ceny akcji. Limit ten jest wyznaczony jako 125% wymogu kapitałowego wyznaczonego przy użyciu Formuły Standardowej na ryzyko cen akcji (bez spółek zależnych) planowanego na dany rok podczas dialogu planistycznego. Limit jest monitorowany w okresach raportowych oraz w przypadku istotnej zmiany w profilu ryzyka. Koncentracja ryzyka Spółka obserwuje koncentrację ekspozycji na akcje w ramach udziałów w TU Allianz Życie Polska S.A., TFI Allianz Polska S.A., PTE Allianz Polska S.A. oraz udziałów w Allianz Polska Services Sp. z o.o. Udziały te traktowane są jako strategiczne akcje typu 2 w formule standardowej kapitałowego wymogu wypłacalności. Dodatkowo udziały w jednostkach funduszy inwestycyjnych (w zakresie w jakim nie jest stosowana ocena ryzyka ze względu na pierwotne ryzyko – ang. Look Through Approach) traktowane są jako niestrategiczne akcje typu 2 w formule standardowej kapitałowego wymogu wypłacalności. Analiza wrażliwości i testy warunków skrajnych Analiza wrażliwości (oparta o scenariusz testów warunków skrajnych) dla ryzyka cen akcji wykazała, iż szok na tym ryzyku w wysokości 30% spadku cen akcji spowodowałby stratę środków własnych w wysokości 96,7 mln zł oraz spadek Kapitałowego wymogu wypłacalności o 6,9 mln zł i w rezultacie spadek współczynnika wypłacalności o 12 punktów procentowych. Specjalne zasady w zakresie korzystania z instrumentów pochodnych;31.12.2022;1;1
53;19.0;;C.2.3 Zakres Pojedynczej Inwestycji Zasady Ostrożnego Inwestora TUiR Allianz Polska S. A. Sprawozdanie o wypłacalności i kondycji finansowej 31 grudnia 2022 r.;r. 68 Aby zapewnić, że pojedyncze decyzje inwestycyjne są zgodne z zasadą ostrożności, TUiR Allianz Polska S.A.: •;31.12.2022;1;1
54;19.0;;C.2.2 Zakres Portfelowy Zasady Ostrożnego Inwestora;Inwestora Strategiczna Alokacja Aktywów (SAA) definiuje długoterminową strategię inwestycyjną dla całego portfela inwestycyjnego. SAA opiera się na szczegółowej analizie pasywów, z uwzględnieniem tzw. ram finansowych Spółki. Przygotowując SAA, brane jest pod uwagę zapewnienie docelowego poziomu bezpieczeństwa Spółki przy osiąganiu przez nią z jej portfela lokat zrównoważonego dochodu oraz zapewnianiu przez ten portfel określonej płynności. Ocena ex-ante zapewnia stałe przestrzeganie powyżej opisanej reguły zachowania poziomu bezpieczeństwa, a monitorowanie ex-post umożliwia działania korygujące w przypadku odchyleń. Wszystkie limity podlegają corocznemu przeglądowi. Dalsze informacje na temat składu portfela inwestycyjnego można znaleźć w rozdziale A. C.2.3 Zakres Pojedynczej Inwestycji Zasady Ostrożnego Inwestora;31.12.2022;1;1
55;18.0;;C.1.4 Istotne zmiany w okresie sprawozdawczym;sprawozdawczym Portfel Spółki w części pochodzącej z byłej spółki Aviva TUO S.A. został objęty standardami i metodyką Grupy Allianz w zakresie środków zastosowanych w celu oceny ryzyka aktuarialnego. W okresie sprawozdawczym nie było innych istotnych zmian w środkach zastosowanych w celu oceny ryzyka aktuarialnego w Spółce. Nastąpił spadek ryzyka aktuarialnego w ubezpieczeniach na życie (renty). Spowodowane to było zmianą wzorca przepływów pieniężnych (dłuższa duracja), oraz wzrostem poziomu stóp wolnych od ryzyka - oba te efekty zwiększały efekt dyskonta rezerw rentowych i jednocześnie obniżały wielkość szoków. Nastąpił wzrost ryzyka rezygnacji z umów w wyniku wzrostu krzywej wolnej od ryzyka i tym samym wzrostu efektu dyskonta na najlepszym oszacowaniu rezerwy składki. W okresie sprawozdawczym spadła miara ryzyka składki w wyniku niższych planowanych wolumenów składki zarobionej netto. Dodatkowo w wyniku wzrostu poziomu stóp wolnych od ryzyka wzrósł efekt dyskonta w najlepszym oszacowaniu rezerw techniczno-ubezpieczeniowych. To było głównym powodem spadku wartości ryzyka aktuarialnego w ubezpieczeniach innych niż ubezpieczenia na życie, oraz ryzyka aktuarialnego w ubezpieczeniach zdrowotnych. Nastąpił spadek ryzyka katastroficznego w ubezpieczeniach innych, niż na życie w wyniku zastosowania wspólnej ochrony reasekuracyjnej w scenariuszach katastroficznych z jednym (wspólnym) zachowkiem. Jednocześnie zwiększyła się pojemność dedykowanej ochrony przed katastrofami naturalnymi (w związku z uwzględnieniem portfela spółki Aviva TUO S.A. Poprzednio stosowana była osobna umowa nieproporcjonalna, chroniąca przed katastrofami naturalnymi dla części portfela dotyczącego Aviva TUO S.A. Ponadto w 2022 roku dla portfela pochodzącego z Aviva TUO S.A. były stosowane następujące umowy reasekuracji biernej: 1) Nieproporcjonalna umowa dla portfela OC p.p.m. i dla portfela OC ogólnego. 2) Nieproporcjonalna umowa dla portfela ubezpieczeń od ognia oraz ubezpieczeń transportowych (oraz na zdarzenia katastrof naturalnych). Umowy te nie zostały odnowione w 2023 roku, a portfel polis pochodzący od Aviva TUO S.A. został pokryty przez odpowiednie umowy reasekuracji biernej wykupione dla Spółki. W okresie sprawozdawczym nie było innych istotnych zmian w ekspozycji na ryzyko aktuarialne dla Spółki. C.2 Ryzyko rynkowe;31.12.2022;1;1
56;18.0;;C.1.3 Techniki mitygacji ryzyka;ryzyka Technikami mitygacji ryzyka używanymi w TUiR Allianz Polska S.A. są umowy reasekuracji biernej. Zapewniają one Spółce ochronę przed zdarzeniami katastroficznymi spowodowanymi przez siły natury, jak i ochronę przed pojedynczymi dużymi szkodami spowodowanymi przez działania człowieka. Ochrona reasekuracyjna dla portfeli majątkowego, OC ogólnego, OC komunikacyjnego, ubezpieczeń transportowych, oraz ubezpieczeń wypadkowych i kosztów medycznych jest realizowana za pośrednictwem umów nieproporcjonalnych . Linie finansowe są chronione na bazie umów proporcjonalnych. W przypadku dedykowanej ochrony przed katastrofami naturalnymi mamy do czynienia z umową nieproporcjonalną. W razie wystąpienia zdarzenia objętego umową nieproporcjonalną ochrona reasekuracyjna jest odnawiana z zastrzeżeniem ilości wznowień. Z kolei dla umów proporcjonalnych nie ma ograniczenia ilości zdarzeń. Umowy reasekuracji są zawierane z reasekuratorami wybieranymi w restrykcyjny sposób przy uwzględnieniu wysokiego poziomu ich kondycji finansowej. Jest to zapewnione poprzez stosowanie lokalnych i grupowych regulacji w tym zakresie. Spółka posiada aktualny rejestr zawartych umów reasekuracji biernej. Umowy reasekuracji są zawierane tylko ze spółkami ubezpieczeniowymi lub reasekuracyjnymi prowadzącymi działalność w ramach Europejskiego Obszaru Gospodarczego oraz z podmiotami prowadzącymi działalność w Szwajcarii. Spółka nie zawiera umów reasekuracji ograniczonej. Skutki zastosowanych umów reasekuracji nie są podwójnie uwzględniane w środkach własnych oraz w wyliczeniach kapitałowego wymogu wypłacalności. Nabycie umów reasekuracji biernej wiąże się z kosztem dla TUiR Allianz Polska S.A. W konsekwencji w latach, w których szkodowość realizuje się w sposób zbliżony do średniej/planów (lub jest niższa) umowy reasekuracji wpływają negatywnie na wynik ubezpieczeniowy. Spółka zawiera umowy reasekuracji biernej w celu ochrony przed nadzwyczajnymi dużymi szkodami oraz w celu poprawy wyniku ubezpieczeniowego w latach, w których szkodowość rozwinie się w niekorzystny sposób. Celem jest poprawa wyniku ubezpieczeniowego w latach niekorzystnego rozwoju szkodowości, który zdarza się nie częściej, niż 1 na 10 lat aż do takiego, który zdarza się nawet rzadziej, niż 1 na 200 lat. W 2022 roku koszt reasekuracji obniżył wynik ubezpieczeniowy Spółki o 149,2 mln zł. Stosowane techniki ograniczania ryzyka aktuarialnego są monitorowane w zakresie ciągłej ich skuteczności. Odbywa się to przede wszystkim poprzez: stałe monitorowanie struktury i wielkości TUiR Allianz Polska S.;31.12.2022;1;1
57;18.0;;C.1.2 Ryzyko aktuarialne w ubezpieczeniach na życie;życie Na ryzyko aktuarialne w rezerwach na skapitalizowaną wartość rent składa się ryzyko długowieczności, ryzyko kosztów oraz ryzyko rewizji wysokości rent. Ryzyko długowieczności wiąże się z ryzykiem, iż w wyniku zmian w poziomie współczynnika umieralności, rezerwy na pokrycie świadczeń rentowych mogą okazać się niewystarczające. Ryzyko kosztów oraz ryzyko rewizji wysokości rent wiąże się ze stratą lub niekorzystną zmianą w wartości zobowiązań ubezpieczeniowych w wyniku odpowiednio: zmiany w poziomie wydatków lub poziomie współczynników korygujących w rezerwach na zobowiązania rentowe. Ryzyka te są mierzone przy użyciu formuły standardowej i modułu ryzyka aktuarialnego w ubezpieczeniach na życie. Ograniczanie ryzyka Spółka monitoruje rozwój rezerw na skapitalizowaną wartość rent. Testowane są alternatywne warianty modeli i stosowanych metod. Spółka analizuje wrażliwość poziomu rezerw na zmianę wybranych kluczowych parametrów. Założenia będące podstawą kalkulacji rezerw podlegają TUiR Allianz Polska S.;31.12.2022;1;1
58;18.0;;C.1.1 C.1.1.Ryzyko aktuarialne w ubezpieczeniach innych niż ubezpieczenia na życie  ;Portfel ubezpieczeń majątkowych i zdrowotnych jest narażony na ryzyko składki, które dotyczy części biznesu zarabiającego się lub przychodzącego w najbliższym roku. Portfel ten jest też narażony na ryzyko rezerw, które dotyczy szkód mających miejsce przed datą bilansową. Ponadto Spółka wyróżnia ryzyko związane z rezygnacjami z umów ubezpieczenia. Towarzystwo nie transferuje żadnego istotnego ryzyka aktuarialnego do podmiotów specjalnego przeznaczenia. Ponadto Spółka nie posiada żadnej istotnej ekspozycji z tytułu pozycji pozabilansowych. W ramach działalności w ubezpieczeniach innych niż ubezpieczenia na życie Spółka otrzymuje od swoich klientów składkę, a w zamian zapewnia im ochronę ubezpieczeniową. Zyskowność jest mierzona poprzez współczynnik szkodowości oraz jego fluktuacje w czasie. Prowadząc działalność ubezpieczeniową Spółka godzi się z potencjalnym ryzykiem, iż jej wynik ubezpieczeniowy będzie niższy, niż oczekiwany. Zmienność wyniku ubezpieczeniowego w horyzoncie jednego roku jest definiowana jako ryzyko składki. W ramach ryzyka składki Spółka rozróżnia ryzyko katastroficzne oraz ryzyko niekatastroficzne. Ryzyka te są aktywnie zarządzane przez Towarzystwo. Ocena ryzyk w ramach procesu underwritingu jest kluczowym elementem całej struktury zarządzania ryzykiem. Spółka posiada jasno zdefiniowane limity underwritingowe oraz listę ryzyk niechcianych. TUiR Allianz Polska S.;31.12.2022;1;1
59;13.0;;B.5.1 Niezależność funkcji audytu wewnętrznego;wewnętrznego Funkcja audytu wewnętrznego jest obiektywna i niezależna od funkcji operacyjnych. Departament Audytu Wewnętrznego: •;31.12.2022;1;1
60;12.0;;B.4.8 Bilans ekonomiczny i środki własne;własne Na potrzeby tworzenia bilansu ekonomicznego Towarzystwo prowadzi odrębną księgę rachunkową. Wprowadzanie danych do księgi następuje z użyciem opracowanych metod księgowania w oparciu o zaimplementowane rozwiązania informatyczne. Zasady księgowe dotyczące klasyfikacji zdarzeń, wyceny i ujawnień opisane są w Zasadach wyceny aktywów i zobowiązań na potrzeby Wypłacalności II. Dokładność, kompletność i zgodność danych w księgach rachunkowych oraz poprawność przygotowanego na ich podstawie bilansu ekonomicznego zapewnione jest poprzez odpowiednio zaprojektowany i funkcjonujący system kontroli wewnętrznej. B.5 Funkcja audytu wewnętrznego;31.12.2022;1;1
61;12.0;;B.4.7 System rachunkowości;rachunkowości Stosowane przez Towarzystwo zasady rachunkowości dotyczące klasyfikacji zdarzeń, wyceny składników majątku i ustalania wyniku finansowego zapisane są w Polityce Rachunkowości przyjętej uchwałą Zarządu. TUiR Allianz Polska S.;31.12.2022;1;1
62;12.0;;B.4.6 Kontrole w procesie kalkulacji kapitałowego wymogu wypłacalności;wypłacalności Podobnie jak w przypadku sprawozdawczości finansowej Towarzystwa, w ramach procesu IRCS, wdrożyła kontrole w procesie obliczania i agregowania kapitałowego wymogu wypłacalności z uwagi na fakt, że obliczenia kapitałowego wymogu wypłacalności w Spółce uwzględniają czynniki ekonomiczne, które nie są w pełni uwzględnione w wynikach księgowych;31.12.2022;1;1
63;12.0;;B.4.5 Zintegrowany system zarządzania ryzykiem i kontrolą (IRCS);(IRCS) W celu zidentyfikowania i ograniczenia ryzyka wystąpienia istotnych błędów w Sprawozdaniu o wypłacalności i kondycji finansowej Towarzystwa, Spółka wdrożyła kontrolę nad sprawozdawczością finansową w oparciu o proces Zintegrowanego systemu zarządzania ryzykiem i kontrolą (IRCS). System kontroli podlega regularnym przeglądom i aktualizacji. Kontrole mają na celu pokrycie wszystkich istotnych elementów sprawozdawczości finansowej, w tym: •;31.12.2022;1;1
64;12.0;;B.4.4 Kontrole na poziomie spółki (ELC);(ELC) Kontrole na poziomie Spółki (ELC) stanowią działania kontrolne, których przeprowadzenie ma istotne znaczenie dla skuteczności działania Towarzystwa i jego kontroli na poziomie procesu. Kontrole te stanowią szczególnie ważny element Systemu Kontroli Wewnętrznej – ich wszelkie słabości mogą mieć znaczący wpływ na skuteczność tego systemu. Efektywność działania kontroli ELC jest regularnie oceniana przez funkcję audytu wewnętrznego i obejmuje działania następcze w celu zapewnienia odpowiedniego i terminowego rozwiązania wszelkich zidentyfikowanych niedociągnięć w zakresie kontroli. B.4.5 Zintegrowany system zarządzania ryzykiem i kontrolą (IRCS);31.12.2022;1;1
65;12.0;;B.4.3 Model trzech linii obrony;obrony 1) Pierwszą linię obrony zapewniają jednostki organizacyjne odpowiedzialne za obsługę klienta, sprzedaż, likwidację szkód i wypłatę świadczeń, underwriting, marketing, market management, administrację, które poprzez codzienną aktywność w swoich obszarach: a) zarządzają ryzykiem operacyjnym, inicjują rozwiązania analizując i akceptując to ryzyko, b) tworzą i wdrażają procesy i modele zarządzania, raportowania i inne standardy samokontroli wspomagające system kontroli i optymalizujące proces zarządzania ryzykiem operacyjnym w ich obszarach, c) uczestniczą w decyzjach biznesowych, d) raportują do Departamentu Zarządzania Ryzykiem o zidentyfikowanych ryzykach zaś do Departamentu Zarządzania Zgodnością i Departamentu Audytu Wewnętrznego o ryzykach i zdarzeniach w formie określonej w odrębnych regulacjach, e) dostarczają Departamentowi Audytu Wewnętrznego informacje i dokumenty pozwalające na całościową ocenę funkcjonowania Spółki i niezależną ocenę działań podejmowanych przez pierwszą linię obrony, identyfikację szans i zagrożeń w celu zapewnienia synergii oraz poprawy efektywności procesów zarządzania ryzykiem i kontroli wewnętrznej. 2) Drugą linię obrony zapewniają Departament Zarządzania Ryzykiem, Departament Zarządzania Zgodnością, Wydział Bezpieczeństwa Informatycznego, Wydział Ochrony Danych Osobowych, Departament Prawny i Departament Aktuarialny, Departament Księgowości i Raportowania, które uczestnicząc w istotnych procesach biznesowych kontrolują je w zakresie swoich obszarów zbierając stosowne informacje pozwalające na właściwą ocenę decyzji, z prawem eskalacji w sprawie decyzji do Zarządu, a także, z prawem do wstrzymania decyzji, w tym: a) określają narzędzia i zasady kontroli, b) przeprowadzają badania i kontrole, TUiR Allianz Polska S.;31.12.2022;1;1
66;11.0;;B.3.7 Własna ocena ryzyka i wypłacalności (ORSA);"(ORSA) Poza już opisanymi procesami zarządzania ryzykiem, Spółka przeprowadza co najmniej raz w roku własną ocenę ryzyka i wypłacalności (Own Risk and Solvency Assesment - ORSA) (""ORSA regularna""), a także w następstwie wszelkich wewnętrznych lub zewnętrznych zdarzeń lub transakcji, które mogą potencjalnie istotnie wpłynąć na profil ryzyka Spółki (""ORSA ad hoc""). Ocena ta jest każdorazowo zatwierdzana przez Zarząd Spółki. ORSA jest kompleksową oceną wszystkich rodzajów ryzyka związanych z działalnością firmy w celu ustalenia, czy obecny i przyszły kapitał będzie wystarczający do zapewnienia trwałej wypłacalności w stosunku do tych ryzyk. Wykracza to poza określenie potrzeb kapitałowych, wynikających wyłącznie z zastosowania modeli kapitału na ryzyko, poprzez uwzględnienie scenariuszy warunków skrajnych, ograniczeń modelu i innych niekwantyfikowalnych zagrożeń. Przygotowanie";31.12.2022;1;1
67;11.0;;B.3.6 Analiza kluczowych ryzyk;ryzyk Analiza kluczowych ryzyk (z ang. Top Risk Assessment - TRA) jest procesem Spółki polegającym na identyfikacji, ocenie, łagodzeniu, ograniczaniu i monitorowaniu zarówno ilościowych kwantyfikowalnych, jak i niekwantyfikowalnych zagrożeń i ryzyk (w tym ich koncentracji i ryzyk nowo pojawiających się – ang. emerging risks), które mogą istotnie zagrozić osiągnięciu celów Spółki. Proces jest przeprowadzany w oparciu o standardową metodykę oceny jakościowej, w ramach której grupy ekspertów przypisują oceny/ratingi dla ryzyka odzwierciedlające ich istotność dla Spółki i określają plany łagodzące na wypadek, gdyby ryzyko przekroczyło poziom tolerancji ryzyka. Proces TRA składa się z pełnej analizy zagrożeń przeprowadzanej w cyklu rocznym oraz kwartalnego monitorowania i aktualizacji opisu, oceny ryzyka oraz planów działania. W szczególnych przypadkach obejmuje to wdrażanie i monitorowanie kluczowych wskaźników ryzyka (KRI) dla największych zagrożeń przekraczających apetyt na ryzyko. W przypadku, gdy z powodu pojawienia się nowych potencjalnych kluczowych ryzyk w ciągu roku, wymagana jest nadzwyczajna aktualizacja zbioru kluczowych ryzyk, stosowany jest ogólny proces TRA. B.3.7 Własna ocena ryzyka i wypłacalności (ORSA);31.12.2022;1;1
68;11.0;;B.3.5 Proces zarządzania ryzykiem;ryzykiem Spółka klasyfikuje wszystkie rodzaje ryzyka do jednej z ośmiu szerokich kategorii ryzyka, które są podzielone na typy ryzyka. Te kategorie ryzyka obserwuje się w trakcie zarządzania ryzykiem i sprawozdawczości. Niektóre kategorie ryzyka mogą się akumulować w wyniku niezrównoważonego profilu ryzyka w jedno lub większą liczbą nieproporcjonalnie dużych ryzyk (ryzyko koncentracji). Ryzyko koncentracji ryzyka nie stanowi oddzielnej kategorii ryzyka. W odniesieniu do wszystkich istotnych, ilościowych i niekwantyfikowanych zagrożeń istnieje kompleksowy proces zarządzania ryzykiem, który obejmuje identyfikację ryzyka, ocenę ryzyka, reakcję na ryzyko i kontrolę, monitorowanie ryzyka i raportowanie ryzyka. Proces jest realizowany i prowadzony w ramach jasno zdefiniowanej strategii ryzyka i apetytu na ryzyko oraz w ramach okresowej oceny ich adekwatności. Tabela 9 Wdrożenie procesów zarządzania ryzykiem dla kategorii ryzyk;31.12.2022;1;1
69;11.0;;B.3.4 Inne Funkcje;"Funkcje Poza Funkcją Zarządzania Ryzykiem ustanowiono Funkcję Prawną i Funkcję Zarządzania Zgodnością opisane w części B.4 oraz Funkcję Aktuarialną opisaną w części B.6. Funkcje te stanowią dodatkowe elementy ""drugiej linii obrony"". W zakresie procesu zarządzania ryzykiem funkcje: Prawna i Zarządzania Zgodnością mają na celu mitygację ryzyka prawnego przy wsparciu innych działów. Ryzyko prawne obejmuje zmiany legislacyjne, spory sądowe, postępowania regulacyjne i klauzule umowne, które są niejasne lub odmiennie interpretowane przez sądy. Ryzyko zgodności to ryzyko sankcji prawnych lub regulacyjnych, istotnych strat finansowych lub utraty reputacji, które może ponieść przedsiębiorstwo w wyniku niezgodności z obowiązującymi przepisami ustawowymi, wykonawczymi lub administracyjnymi. W zakresie procesu zarządzania ryzykiem Funkcja Aktuarialna przyczynia się do oceny i zarządzania ryzykiem zgodnie z wymogami regulacyjnymi. Rola tej funkcji obejmuje, ale nie jest ograniczona do następujących działań: •";31.12.2022;1;1
70;11.0;;B.3.3 Struktura systemu zarządzania ryzykiem;ryzykiem Podejście Spółki do zarządzania ryzykiem zapewnia, że jej profil ryzyka pozostaje zgodny z przyjętą strategią ryzyka i zdolnością Spółki do ponoszenia ryzyka.;31.12.2022;1;1
71;11.0;;B.3.2 Strategia i cele procesu zarządzania ryzykiem;ryzykiem Strategia ryzyka stanowi podstawowy element ram zarządzania ryzykiem, które definiują strategiczne podejście do zarządzania ryzykami, stojącymi przed Spółką w trakcie realizacji szerszej strategii biznesowej. Wdrażając strategię ryzyka Spółka ma na celu: •;31.12.2022;1;1
72;10.0;;B.2.2 Pracownicy zarządzający kluczowymi obszarami w Spółce;Spółce Każdy zarządzający kluczowym obszarem posiada kompetencje niezbędne do wypełniania zadań opisanych w procedurze danego kluczowego obszaru i obowiązującego prawa. W przypadku, gdy kluczowy obszar jest outsourcingowany należy zabezpieczyć spełnienie przez dostawcę usług wymogów kompetencyjnych, określonych niniejszą procedurą. Szczegółowe wymagania określone są w regulacjach wewnętrznych dotyczących polityki ryzyka. Zarządzający Funkcją Zarządzania Ryzykiem Spółki posiada kwalifikacje, wiedzę i doświadczenie niezbędne do monitorowania i zarządzania ryzykiem Spółki i systemem kontroli wewnętrznej, z raportowaniem wymogów kapitałowych (kapitału obciążonego ryzykiem) włącznie. Zarządzający obszarem ryzyka posiada wiedzę z zakresu obliczenia wypłacalności Spółki niezbędną do oceny ogólnych potrzeb w zakresie wypłacalności Spółki i zgodności z regulacyjnymi wymogami dotyczącymi wypłacalności. Szczegółowe wymagania określone są w regulacjach wewnętrznych dotyczących polityki ryzyka. Zarządzający Funkcją (obszarem) Zarządzania Zgodnością Spółki posiada kwalifikacje, doświadczenie i wiedzę niezbędną do zarządzania ryzykiem braku zgodności Spółki, monitorowania zgodności z obowiązującymi przepisami prawa, zasadami i procedurami wewnętrznymi, a także doradzania w sprawie zgodności Spółki z odpowiednimi przepisami prawa w tym ocenie wpływu ewentualnych zmian obowiązujących przepisów i regulacji. Szczegółowe wymagania określone są w Procedurze Zarządzania Ryzykiem Braku Zgodności. Zarządzający Funkcją (obszarem) Audytu Wewnętrznego w Spółce posiada kwalifikacje, doświadczenie i wiedzę niezbędną do oceny adekwatności i skuteczności systemu zarządzania Spółką oraz wydawania zaleceń, co do uchybień w zakresie systemu kontroli wewnętrznej i zgodności z zasadami korporacyjnymi. Osoba ta posiada także kompetencje w zakresie weryfikacji zgodności decyzji podjętych w następstwie wydanych zaleceń. Szczegółowe wymagania podane są w polityce audytu w Spółce. Zarządzający aktuariatem Spółki posiada kwalifikacje, doświadczenie i wiedzę niezbędną do sprawdzania poprawności wyliczeń rezerw techniczno-ubezpieczeniowych Spółki w zakresie Wypłacalność II i wartości rynkowej oraz przedstawiania rekomendacji i opinii na temat zarządzania ryzykiem ubezpieczeniowym jak również niewypłacalności Spółki. Zarządzający Funkcją (obszarem) Prawną posiada kwalifikacje, doświadczenie i wiedzę niezbędną do nadzorowania w zakresie wszystkich dziedzin dotyczących przepisów, zasad i regulacji, w tym wykładni prawa, zarządzania kwestiami prawnymi (włączając w to ocenę własną opiniowania kwestii prawnych), monitorowania odpowiednich zmian prawnych i doradztwa dla kadry zarządzającej wyższego szczebla w zakresie aspektów prawnych. TUiR Allianz Polska S.;31.12.2022;1;1
73;9.0;;B.1.8 Polityki wynagradzania;wynagradzania Zasady wynagradzania oraz powiązana z nimi ocena pracownicza są opisane w następujących dokumentach formalnych (polityki, regulaminy, procedury): •;31.12.2022;1;1
74;9.0;;B.1.7 Funkcjonujące komitety;komitety W Spółce powołane zostały następujące komitety, jako jednostki międzydepartamentowe realizujące lub nadzorujące obowiązki nałożone na Spółkę. 1. Komitet Ryzyka 2. Komitet Inwestycyjny 3. Komitet Finansowo-Inwestycyjny 4. Komitet Produktowy 5. Komitet Rezerw 6. Komitet Wynagrodzeń 7. Komitet Szkodowy 8. Komitet Ujawnień Finansowych 9. Komitet Akceptacyjny 1. Komitet Audytu 2. Komitet Wynagrodzeń Spółka powołała i jest uczestnikiem również następujących Komitetów: 1. Grupowy Komitet Governance i Funkcji Kluczowych 2. Grupowy Komitet Etyki i Przestępstw Wewnętrznych 3. Grupowy Komitet Sterujący ds. IT 4. Grupowy Komitet ds. Zarządzania Jakością Danych Każda spółka z grupy Allianz Polska delegowała swoich przedstawicieli do powyższych Komitetów. B.1.8 Polityki wynagradzania;31.12.2022;1;1
75;9.0;;B.1.6 Zasady funkcjonowania Rady Nadzorczej;Nadzorczej Rada Nadzorcza składa się, z co najmniej trzech członków powoływanych i odwoływanych przez Walne Zgromadzenie. Na dzień 31 grudnia 2022 roku w skład Rady Nadzorczej wchodziło sześciu członków – czterech związanych z akcjonariuszem oraz dwóch członków niezależnych. Zakres zadań i zasady funkcjonowania Rady Nadzorczej określone zostały w statucie Spółki, a także uchwalonym przez Radę Regulaminie. Rada Nadzorcza sprawuje nadzór nad działalnością Spółki we wszystkich dziedzinach jej działalności. Do jej szczególnych uprawnień należy m.in.: •;31.12.2022;1;1
76;9.0;;B.1.5 Zwyczajne Walne Zgromadzenie;Zgromadzenie Zwyczajne Walne Zgromadzenie Spółki odbyło się 6 czerwca 2022 roku, podczas którego nastąpiło m.in. zatwierdzenie sprawozdania Zarządu z działalności Spółki, a także sprawozdania finansowego Spółki za rok obrotowy zakończony dnia 31 grudnia 2021 roku. B.1.6 Zasady funkcjonowania Rady Nadzorczej;31.12.2022;1;1
77;9.0;;B.1.4 Struktura organizacyjna;organizacyjna W strukturze organizacyjnej Spółki wyodrębnia się następujące Piony organizacyjne: 1) Pion Zarządzania Wewnętrznego, 2) Pion Operacji, 3) Pion Finansowy, 4) Pion Ubezpieczeń Majątkowych – Produkty, 5) Pion Sprzedaży Ubezpieczenia Majątkowe. PION UBEZPIECZEŃ MAJĄTKOWYCH -;31.12.2022;1;1
78;9.0;;B.1.3 Kwestie wymagające zatwierdzenia lub zgody Rady Nadzorczej lub Walnego Zgromadzenia;Zgromadzenia Niektóre istotne działania Zarządu wymagają zatwierdzenia lub zgody Rady Nadzorczej. Sytuacje, kiedy takie zatwierdzenie lub zgoda jest wymagana określone są przez obowiązujące przepisy prawa, a także Statut Spółki. Są to w szczególności: TUiR Allianz Polska S.;31.12.2022;1;1
79;9.0;;B.1.2 Rada Nadzorcza;Nadzorcza Rada Nadzorcza sprawuje stały nadzór nad działalnością Spółki we wszystkich dziedzinach jej działalności i składa się z co najmniej trzech członków powoływanych i odwoływanych przez Walne Zgromadzenie. Pracami Rady kieruje, w tym zwołuje i przewodniczy posiedzeniom, jej Przewodniczący powoływany przez Walne Zgromadzenie. W przypadku nieobecności Przewodniczącego, Rada reprezentowana jest przez jego Zastępcę, również powoływanego przez Walne Zgromadzenie. Na dzień 31 grudnia 2022 roku w skład Rady Nadzorczej wchodziło pieciu członków – trzech związanych z akcjonariuszem, w tym Przewodniczący Rady Petros Papanikolaou i Wiceprzewodniczący Rady Petr Sosik, który zastąpił w dniu 15 grudnia 2022 wcześniej działającą w tym zakresie Teresa Margarida Tudela de Mira Godinho oraz Jovana Nović, jak i dwóch członków niezależnych, Jakub Marek Karnowski i Jacek Lisowski. Do dnia 16 lutego w którym to złożył rezygnację członkiem rady nadzorczej związanym z akcjonariuszem był tez Kay Müller. Posiedzenia Rady Nadzorczej odbywają się w zależności od potrzeb. Istnieje również możliwość zwołania posiedzenia na wniosek Zarządu Spółki lub członka Rady Nadzorczej. B.1.3 Kwestie wymagające zatwierdzenia lub zgody Rady Nadzorczej lub;31.12.2022;1;1
80;9.0;;B.1.1 Zarząd;Zarząd Zarząd składa się z co najmniej trzech członków powoływanych i odwoływanych przez Radę Nadzorczą na wspólną, 5-letnią kadencję. Na dzień 31 grudnia 2022 r. w skład Zarządu wchodziło 5 członków, w tym Prezes i 4 członków Zarządu. Skład Zarządu Spółki na dzień 31 grudnia 2022 roku prezentował się następująco: •;31.12.2022;1;1
81;5.0;;A.3.4 Informacja nt. inwestycji w instrumenty sekurytyzowane;sekurytyzowane W roku 2022 Towarzystwo nie przeprowadzało inwestycji w instrumenty sekurytyzowane takie jak np. ABS (Asset Backed Securities), MBS (Mortgage Backed Securities) czy inne. A.4 Wyniki z pozostałych rodzajów działalności;31.12.2022;1;1
82;5.0;;A.3.3 Zyski/straty rozpoznawane bezpośrednio w kapitałach;kapitałach Poniższa tabela prezentuje stany kapitału z aktualizacji wyceny.;31.12.2022;1;1
83;5.0;;A.3.2 Wynik z działalności lokacyjnej;lokacyjnej Przychody z dłużnych instrumentów wartościowych z powyżej omówionego portfela inwestycyjnego Towarzystwa wyniosły w 2022 roku 106,4 mln zł. Przychody z tytułu dywidend z udziałów i akcji wyniosły w 2022 roku 45,7 mln zł. Całkowity wynik na działalności inwestycyjnej wyniósł 66,9 mln zł. Głównym czynnikiem mającym wpływ na ostateczny wynik z działalności lokacyjnej miały niezrealizowane straty na lokatach oraz ujemny wynik z realizacji lokat, które wyniosły w 2022 roku 119,9 mln zł. A.3.3 Zyski/straty rozpoznawane bezpośrednio w kapitałach;31.12.2022;1;1
84;3.0;;A.1.3 Pozostałe informacje;informacje Instytucją odpowiedzialną za nadzór nad sektorem ubezpieczeniowym w Polsce jest Komisja Nadzoru Finansowego (KNF), ul. Piękna 20, 00-549 Warszawa. Nadzór nad grupą kapitałową Allianz sprawuje niemiecki Federalny Urząd Nadzoru Finansowego (“Bundesanstalt für Finanzdienstleistungsaufsicht” – BaFin), Dreizehnmorgenweg 13-15, 53175 Bonn.;31.12.2022;1;1
85;3.0;;A.1.2 Istotne zdarzenia w okresie sprawozdawczym;sprawozdawczym W dniu 1 lipca 2022 miało miejsce połączenie spółek TUiR Allianz Polska S.A. i Aviva Towarzystwo Ubezpieczeń Ogólnych S.A., którego szczegóły zostały opisane we wstępie niniejszego sprawowania, w części Pozostałe informacje. TUiR Allianz Polska S.;31.12.2022;1;1
86;31.0;37.0;E.6 B.8 Wszelkie inne informacje ;Wszelkie istotne informacje zostały przedstawione w odpowiednich sekcjach. TUiR Allianz Polska S.;31.12.2022;1;1
87;31.0;36.0;E.5 Niezgodność z minimalnym wymogiem kapitałowym i niezgodność z kapitałowym wymogiem wypłacalności;wypłacalności TUiR Allianz Polska S.A. spełnia minimalny wymóg kapitałowy (MCR) i kapitałowy wymóg wypłacalności (SCR) za rok 2022. E.6 Wszelkie inne informacje;31.12.2022;1;1
88;31.0;35.0;E.4 Różnice między formułą standardową a stosowanym modelem wewnętrznym;wewnętrznym TUiR Allianz Polska S.A. nie stosuje modelu wewnętrznego do obliczania kapitałowego wymogu wypłacalności. E.5 Niezgodność z minimalnym wymogiem kapitałowym i niezgodność z;31.12.2022;1;1
89;31.0;34.0;E.3 Zastosowanie podmodułu ryzyka cen akcji opartego na duracji do obliczenia kapitałowego wymogu wypłacalności;wypłacalności TUiR Allianz Polska S.A. w zakresie kalkulacji podmodułu ryzyka związanego z inwestowaniem w akcje nie wykorzystuje metody opartej na czasie trwania. E.4 Różnice między formułą standardową a stosowanym modelem;31.12.2022;1;1
90;31.0;33.0;E.2 Kapitałowy wymóg wypłacalności i minimalny wymóg kapitałowy;kapitałowy Na dzień 31 grudnia 2022 kapitałowy wymóg wypłacalności (SCR) wyniósł 693,8 mln zł, a minimalny wymóg kapitałowy (MCR) 312,2 mln zł. Podział SCR na poszczególne moduły ryzyka formuły standardowej przedstawiono w Tabeli 24. Tabela 24 Kapitałowy wymóg wypłacalności;31.12.2022;1;1
91;31.0;32.0;E.1 Środki własne;własne E.1.1 Środki własne - cele, zasady i procesy Głównym celem zarządzania kapitałem w Spółce jest skuteczne wypełnianie wymogów nadzorczych. Akcjonariusz zapewnia Spółce ciągłe finansowe i operacyjne wsparcie przy wypełnianiu regulacyjnych i finansowych zobowiązań, w momencie gdy staną się one wymagalne. Uwzględnia to poziom kapitału wymaganego ponad minimalne wymogi regulacyjne uzgodnione z organem nadzoru i powszechne w otoczeniu rynkowym. Jednocześnie Grupa Allianz dąży do utrzymania nadwyżki łatwo dostępnego kapitału na poziomie Grupy aby być w stanie szybko reagować na wszelkie potrzeby kapitałowe Spółki. Zarządzanie kapitałem powinno chronić podstawę kapitałową Spółki oraz wspierać efektywne zarządzanie kapitałem w zgodzie z Polityką Ryzyka Spółki. Alokuje ono kapitał do czynników generujących ryzyko w ramach budżetu ograniczonego przez Strategię Ryzyka, mając na celu optymalizację oczekiwanego zwrotu przy tym ograniczeniu. Rozważane ryzyka i potrzeby kapitałowe są wdrożone w proces zarządzania i podejmowania decyzji. Jest to osiągane poprzez przypisanie ryzyka i alokację kapitału do poszczególnych segmentów, linii biznesowych i inwestycji. Towarzystwo monitoruje i utrzymuje kapitał na wystarczającym poziomie. Spółka zapewnia zgodność z minimalnymi regulacyjnymi wymogami kapitałowymi. Zarządzanie kapitałem Spółki jest realizowane poprzez stosowanie właściwych buforów ponad minimum regulacyjne. Nadwyżka kapitału niewymagana na potrzeby biznesowe w (trzyletnim) horyzoncie planowania może być transferowana do Akcjonariuszy, o ile jest to zgodne z obowiązującymi regulacjami. Zarządzanie kapitałem ma na celu dodanie wartości ekonomicznej ponad koszt kapitału. Wskaźniki kapitałowe (w szczególności Zarządczy Wskaźnik Kapitałowy (ZWK)) zostały określone podczas dialogu planistycznego na podstawie najbardziej dotkliwych ze zdefiniowanych scenariuszy szokowych oraz na podstawie wymogów nadzorcy. ZWK został określony w celu zapewnienia zgodności z wymogami kapitałowymi systemu Wypłacalność II również w skrajnych scenariuszach oraz w celu minimalizowania pro-cyklicznego zachowania. ZWK odzwierciedla profil ryzyka Spółki poprzez wzięcie pod uwagę wrażliwości środków własnych i wymogu kapitałowego (wyznaczanych w systemie Wypłacalność II) w sytuacji niekorzystnych ruchów rynkowych i strat z portfela ubezpieczeniowego. Nie stwierdzono istotnych zmian w okresie sprawozdawczym w odniesieniu do celów, zasad i procesów stosowanych przez Towarzystwo do zarządzania środkami własnymi.;31.12.2022;1;1
92;25.0;30.0;D.5 Wszelkie inne informacje;informacje D.5.1 Leasing TUiR Allianz Polska S.A. jest leasingobiorcą w zakresie umów najmu lokali, leasingu samochodów służbowych oraz użytkowania wieczystgo gruntu pod nieruchomością budynku centrali Spółki. W bilansie ekonomicznym zgodnie z MSSF 16 ujęto prawo do użytkowania aktywa wycenione w wartości godziwej wraz z odnośnym zobowiązaniem leasingowym ustalonym w wysokości zdyskontowanych przyszłych płatności w okresie trwania leasingu w wartości odpowiednio 22,9 mln zł oraz 26,2 mln zł. TUiR Allianz Polska S.A. nie ma żadnych umów leasingu jako leasingodawca. TUiR Allianz Polska S.;31.12.2022;1;1
93;25.0;29.0;D.4 Alternatywne metody wyceny;wyceny Zgodnie z Art. 267 Rozporządzenia delegowanego Spółka dokonuje przeglądu i regularnego sprawdzenia informacji, danych i założeń dotyczących alternatywnych metod wyceny aktywów i zobowiązań innych niż rezerwy techniczno-ubezpieczeniowe dla celów wypłacalności, ich wyników oraz adekwatności. Przegląd odbywa się w procesie regularnych kontroli w ramach IRCS zdefiniowanych dla Funkcji Rachunkowości i Sprawozdawczości w Procedurze procesu zamknięcia okresów księgowych i kontroli nad prawidłowością raportowanych danych w TUiR Allianz Polska S.A. Ponadto raz w roku dokonywana jest weryfikacja przedmiotowych regulacji wewnętrznych i w razie potrzeby ich aktualizacja. Dodatkowy poziom kontroli alternatywnych metod wyceny aktywów i zobowiązań innych niż rezerwy techniczno-ubezpieczeniowe zapewniony jest przez członka Zarządu Spółki kierującego Pionem Finansowym (CFO). Wskazana przez CFO jednostka organizacyjna inna niż Funkcja Rachunkowości i Sprawozdawczości dysponująca odpowiednimi kompetencjami, w tym wiedzą w TUiR Allianz Polska S.;31.12.2022;1;1
94;25.0;28.0;D.3 Inne zobowiązania;zobowiązania Zmiany w stosowanych zasadach ujmowania i wyceny W okresie sprawozdawczym nie wystąpiły zmiany w zasadach ujmowania i wyceny ani szacunkach zobowiązań w stosunku do okresu porównawczego. Źródło danych wejściowych;31.12.2022;1;1
95;25.0;27.0;D.2 Rezerwy techniczno-ubezpieczeniowe;techniczno - ubezpieczeniowe D.2.1 Rezerwy techniczno–ubezpieczeniowe na potrzeby wypłacalności w podziale na linie biznesowe Poniższa tabela przedstawia wartość rezerw techniczno-ubezpieczeniowych TUiR Allianz Polska S.A. na potrzeby wypłacalności w podziale na kluczowe linie biznesowe według stanu na dzień 31 grudnia 2022r. wraz z danymi porównawczymi na dzień 31 grudnia 2021r. Tabela 16 Rezerwy Techniczno - Ubezpieczeniowe według stanu na dzień 31 grudnia 2022r. oraz 31 grudnia;31.12.2022;1;1
96;25.0;26.0;D.1 Aktywa;"Aktywa Uzgodnienie różnic pomiędzy bilansem dla celów rachunkowości (statutowym) a bilansem ekonomicznym W celu porównania danych z bilansu statutowego oraz bilansu ekonomicznego, oryginalne dane ze sprawozdania statutowego na dzień 31 grudnia 2022 roku zostały dopasowane do struktury kont bilansu ekonomicznego (kolumna ""wartość bilansowa dla celów rachunkowości"") w Tabeli 13. Poniższa tabela zawiera przegląd uzgodnienia danych ze sprawozdania dla celów rachunkowości (wg Ustawy o Rachunkowości, dalej polskie zasady rachunkowości lub sprawozdanie statutowe) przez przyporządkowanie do odpowiednich pozycji bilansu ekonomicznego. W kolumnie „Wartość bilansowa dla celów rachunkowości” zaprezentowano wartości ze sprawozdania finansowego Spółki zgodnie z ich treścią ekonomiczną, ale bez dokonywania korekt, które byłyby konieczne w celu dostosowania tych liczb do formatu i sposobu prezentacji wymaganego zgodnie z Dyrektywą Wypłacalność II. Suma aktywów w kolumnie „Wartość bilansowa dla celów rachunkowości” odpowiada sumie ze sprawozdania finansowego Spółki po uwzględnieniu zmiany prezentacji udziału reasekuratorów w rezerwach techniczno-ubezpieczeniowych i udziału reasekuratorów w oszacowanych regresach i odzyskach. Dane te są podstawą porównania pomiędzy polskimi zasadami rachunkowości i wartościami z bilansu ekonomicznego w kolejnych sekcjach. Poszczególne pozycje zostały opisane w kolejnych sekcjach.";31.12.2022;1;1
97;17.0;23.0;C.6 Pozostałe istotne ryzyka C.6.1 Ryzyko strategiczne;strategiczne Ryzyko strategiczne to ryzyko nieoczekiwanej ujemnej zmiany wartości firmy wynikającej z niekorzystnego wpływu decyzji menedżerskich odnośnie strategii biznesowej i jej wdrażania. Ocena ryzyka Ryzyko strategiczne, zgodnie z zasadami przyjętymi w Grupie Allianz, jest oceniane i analizowane w procesach przygotowywania planów działania i przy corocznym przeglądzie strategii (tzw. dialog planistyczny i strategiczny) przeprowadzanych w TUiR Allianz Polska S.A. W celu zapewnienia prawidłowej realizacji celów strategicznych w ramach bieżącego planu biznesowego, wykonywane są kontrole realizacji strategii. Polegają one na analizie wykonania i w ramach procesu planistycznego i ustalania strategii uzgodnieniu weryfikacji odpowiednich celów biznesowych. Stale monitorowane są również warunki rynkowe i konkurencyjne, wymagania rynku kapitałowego, warunki regulacyjne itd., aby zdecydować, czy konieczne są dodatkowe dostosowania strategii. W/w działania odbywają w ramach warsztatów i pracy dedykowanego zespołu ekspertów firmy wraz z udziałem wyższej kadry zarządczej i członków Zarządu. Ponadto decyzje strategiczne są omawiane w różnych stałych, specjalistycznych komitetach Zarządu (np. Finansowo-Inwestycyjny, Ryzyka). Ocena odpowiednich ryzyk jest podstawowym elementem tych dyskusji, w ramach których omawiane są indywidualne zagrożenia jak też dokonywana jest analiza zdarzeń historycznych i możliwych scenariuszy skrajnego rozwoju zdarzeń. Koncentracja ryzyka Spółka obserwuje stopniowy wzrost koncentracji ekspozycji na ryzyko strategiczne w zakresie związanym z wdrażaniem zmian prawnych i nowych rozwiązań obszaru IT generujących ryzyko istotnej i gwałtownej zmiany środowiska biznesowego branży ubezpieczeniowej w Polsce. Analiza wrażliwości i testy warunków skrajnych Ryzyko strategiczne generuje zagrożenie dla realizacji przez Spółkę przede wszystkim zyskownej sprzedaży nowych umów ubezpieczenia i wynikającego stąd wzrostu zysków. Analiza wrażliwości (oparta o scenariusz testów warunków skrajnych) uwzględniała brak takiego wzrostu. Realizacja TUiR Allianz Polska S.;31.12.2022;1;1
98;17.0;22.0;C.5 Ryzyko operacyjne;operacyjne Spółka definiuje ryzyko operacyjne jako ryzyko straty wynikającej z niewłaściwych lub błędnych: procesów wewnętrznych, działań personelu lub systemów lub ze zdarzeń zewnętrznych. Ryzyko obejmuje ryzyko prawne, lecz nie zawiera ryzyka wynikającego z decyzji strategicznych oraz ryzyka reputacji. Przykładowe znaczące ryzyka operacyjne to awarie u firm świadczących usługi na rzecz TUiR Allianz Polska S.A. lub ataki cybernetyczne na systemy informatyczne Spółki, (Spółka obserwując wydarzenia historyczne dostrzega rosnące zagrożenie ze strony ataków), które mogłyby spowodować poważne zakłócenia w środowisku pracy Spółki. Funkcjonujący w Spółce system Zarządzanie Kryzysami i Ciągłością Działania (przy wsparciu m.in. funkcji Administratora Bezpieczeństwa Informacji oraz funkcji IT) zapewnia ochronę krytycznych funkcji biznesowych przed tego rodzaju zakłóceniami i pozwala wykonywać podstawowe zadania terminowo i z zachowaniem najwyższych standardów. Regularnie usprawniane działania zapewniające ciągłość działania są elementem procesu zarządzania ryzykiem w Spółce. Kapitałowy wymóg wypłacalności dla ryzyka operacyjnego wynosi 71,2 mln zł. Koncentracja ryzyka Spółka obserwuje wzrost ekspozycji na ryzyko operacyjne związane z obszarem IT. Wzrost wynika z rosnącej zależności od systemów informatycznych, który jest następstwem postępującej digitalizacji i automatyzacji procesów, jak również z zagrożeń zewnętrznych tj. wszelkiego rodzaju ataków cybernetycznych mogących skutkować np. przerwą w dostępności systemów. W minionym roku szczególnymi czynnikami powodującymi intensyfikację ryzyka operacyjnego w organizacji stały się trwające procesy operacyjnego łączenia Spółki z Aviva TUO S.A., a także podwyższona rotacja pracowników. Dodatkowo, czynnikiem wpływającym na koncentrację ryzyka operacyjnego w obszarze IT była pandemia COVID 19 i związana z nią zmiana trybu pracy w organizacji. Analiza wrażliwości i testy warunków skrajnych Analiza wrażliwości (oparta o scenariusz testów warunków skrajnych) pokazała, iż strata środków własnych równa SCR na ryzyko operacyjne spowodowałaby stratę środków własnych w wysokości 71,2 mln zł oraz spadek Kapitałowego wymogu wypłacalności o 1,9 mln zł, i w związku z tym spadek współczynnika wypłacalności o 10 punktów procentowych. Ograniczanie ryzyka •;31.12.2022;1;1
99;17.0;21.0;C.4 Ryzyko płynności;płynności TUiR Allianz Polska S.A. definiuje ryzyko płynności jako ryzyko niemożności zrealizowania bieżących lub przyszłych zobowiązań finansowych w momencie, gdy stają się one wymagalne, lub możliwość ich zrealizowania w oparciu o niekorzystnie zmienione warunki. Ryzyko płynności może wynikać przede wszystkim z niedopasowania terminów przepływów pieniężnych po stronie aktywów i pasywów. Głównym celem planowania i zarządzania płynnością jest zapewnienie, że Spółka zawsze będzie zdolna wywiązać się ze swoich zobowiązań finansowych w momencie gdy staną się one wymagane, oraz wypełniać wymagania nadzorcze jak i grupowe. W tym celu Spółka wdrożyła regularny proces prognozowania i zarządzania ryzykiem płynności. Aby spełnić powyższe cele, pozycja płynności Spółki jest cyklicznie (kwartalnie) i ad-hoc TUiR Allianz Polska S.;31.12.2022;1;1
100;17.0;20.0;C.3 Ryzyko kredytowe;kredytowe Ryzyko kredytowe to ryzyko nieoczekiwanej straty spowodowanej niewypełnieniem zobowiązań finansowych przez dłużników, emitentów obligacji, partnerów reasekuracyjnych czy kontrahentów, nadmiernej koncentracji ekspozycji u danego kontrahenta lub też zmianami w ich wiarygodności kredytowej i zmianą wartości spreadów kredytowych. TUiR Allianz Polska S.A. monitoruje i zarządza ekspozycją na ryzyko kredytowe oraz ryzykiem koncentracji tej ekspozycji. Proces ten jest wspomagany poprzez infrastrukturę do monitorowania limitów - CRisP. Długoterminowa strategia inwestycyjna zakładająca trzymanie aktywów do zapadalności, stabilizuje bilans Spółki podczas ewentualnych niekorzystnych warunków rynkowych. Strategia ta pozwala również uzyskać zakładaną stopę zwrotu w czasie całego okresu inwestycji. W przypadku ryzyka kredytowego, podobnie jak w przypadku ryzyka rynkowego, Spółka kieruje się Zasadą Ostrożnego Inwestora. W celu oceny jakości kredytowej kontrahentów w portfelu inwestycyjnym i reasekuracyjnym Allianz, Spółka stosuje podejście ratingowe, które łączy długoterminową zewnętrzną ocenę wiarygodności kredytowej nadaną przez agencje ratingowe z ratingiem rynkowym i zaktualizowaną wewnętrzną oceną jakościową w celu odzwierciedlenia obecnych zmian na rynku. W celu przypisania ratingu kontrahentowi, wpierw ustalana jest zewnętrzna ocena od zewnętrznych dostawców ocen kredytowych (od Standard & Poor's, Moody's, Fitch i AM Best), a następnie ten rating jest weryfikowany i/lub korygowany przez analityków kredytowych uwzględniających: •;31.12.2022;1;1
101;17.0;19.0;C.2 Ryzyko rynkowe;ostrożnego inwestora Spółka kieruje się Zasadą Ostrożnego Inwestora. Zasada ta obejmuje portfel i pojedyncze inwestycje, w tym: •;31.12.2022;1;1
102;17.0;18.0;C.1 Ryzyko aktuarialne;aktuarialne Towarzystwo w ramach formuły standardowej liczy następujące moduły ryzyka aktuarialnego: „Moduł ryzyka aktuarialnego w ubezpieczeniach innych niż ubezpieczenia na życie”, „Moduł ryzyka aktuarialnego w ubezpieczeniach na życie” i „Moduł ryzyka aktuarialnego w ubezpieczeniach zdrowotnych”. Kapitałowy wymóg wypłacalności zaalokowany do tych modułów, przed dywersyfikacją, wynosi 661,6 mln zł. „Moduł ryzyka aktuarialnego w ubezpieczeniach na życie” jest obliczany dla rent życiowych wynikających ze szkód w biznesie majątkowym (szkody z 10 i 13 grupy ustawowej). Największy udział w ryzyku aktuarialnym ma podmoduł ryzyka składki i rezerw, w dalszej kolejności podmoduł ryzyka związanego z rezygnacjami oraz podmoduł ryzyka katastroficznego. Na koniec 2021 roku w spółce TUiR Allianz Polska S.A. (bez portfela Aviva TUO S.A.) kolejność pod względem wielkości poszczególnych podmodułów była taka sama, jak na koniec 2022 roku. Na koniec 2021 roku w spółce Aviva TUO S.A. największy udział w ryzyku aktuarialnym miał podmoduł ryzyka składki i rezerw, w dalszej kolejności podmoduł ryzyka katastroficznego oraz podmoduł ryzyka związanego z rezygnacjami. Analiza wrażliwości i testy warunków skrajnych Analiza wrażliwości (oparta o scenariusz testu warunków skrajnych) dla całości ryzyk aktuarialnych wykazała, iż szok na tym ryzyku 1:5 lat spowodowałby stratę środków własnych w wysokości 210,1 mln zł oraz spadek kapitałowego wymogu wypłacalności o 46,9 mln zł, i w związku z tym, spadek współczynnika wypłacalności o 41 punktów procentowych. C.1.1.Ryzyko aktuarialne w ubezpieczeniach innych niż ubezpieczenia na;31.12.2022;1;1
103;8.0;15.0;B.7 Outsourcing  ;Zasady outsourcingu, na podstawie których Spółka zleca wykonywanie usług lub funkcji podmiotom zewnętrznym zostały opisane w Procedurze w sprawie zlecania i realizacji Usług lub Funkcji poza Spółkę i podlegają corocznemu przeglądowi i aktualizacji. Procedura outsourcingu obowiązuje od 1 stycznia 2022 roku. Głównym celem Procedury poza usystematyzowaniem procesu outsourcingowego jest zapewnienie wysokiego poziomu wykonania zleconych usług lub funkcji i bezpieczeństwa outsourcingu oraz określenie zadań po stronie właścicieli biznesowych do należytej kontroli i monitorowania zlecanych w ramach outsourcingu czynności. Spółka ustanowiła funkcję Koordynatora Procesu Outsourcingu, który sprawuje nadzór nad prawidłowym przebiegiem procesu outsourcingu i raportuje bezpośrednio do Członka Zarządu odpowiedzialnego za Pion Operacji Spółki. Koordynator Procesu Outsourcingu ściśle współpracuje z Departamentem Prawnym oraz Departamentem Zarządzania Zgodnością Spółki w celu zapewnienia odpowiedniej identyfikacji outsourcingu oraz jego spójności ze standardami grupy kapitałowej oraz zgodnej z przepisami prawa, w szczególności z Ustawą z dnia 11 września 2015 r. o działalności ubezpieczeniowej i reasekuracyjnej oraz z Rozporządzeniem Delegowanym Komisji (UE) 2015/35 z dnia 10 października 2014 r. uzupełniającym dyrektywę Parlamentu Europejskiego i Rady 2009/138/WE w sprawie podejmowania i prowadzenia działalności ubezpieczeniowej i reasekuracyjnej. W dniu 2 lipca 2022 w związku z przejęciem przez Allianz spółek należących do Grupy Aviva umowy zawarte przez Towarzystwo w przedmiocie outsourcingu przeszły w drodze sukcesji uniwersalnej na spółki przejmujące a w związku z tym nie było konieczności notyfikowania do KNF usług outsourcingowych, o ile umowy odnoszące się do tych usług i objęte obowiązkiem zawiadomienia do KNF, zostały już do organu nadzoru zgłoszone. Wymagania wobec właściciela biznesowego oraz Koordynatora Procesu outsourcingu w poszczególnych fazach procesu outsourcingowego w Spółce oraz dla identyfikowanych rodzajów outsourcingu zostały przedstawione w poniższej tabeli nr 10 Lista kontrolna: TUiR Allianz Polska S.;31.12.2022;1;1
104;8.0;14.0;B.6 Funkcja aktuarialna  ;Zadania funkcji aktuarialnej realizowane są w Towarzystwie przez pracowników Departamentu Aktuarialnego nadzorowanego przez Głównego Aktuariusza, który podlega bezpośrednio członkowi Zarządu odpowiedzialnemu za Pion Finansowy. Do kluczowych zadań funkcji aktuarialnej należą m.in. •;31.12.2022;1;1
105;8.0;13.0;B.5 Funkcja audytu wewnętrznego;wewnętrznego Audyt Wewnętrzny stanowi kluczową jednostkę organizacyjną w ramach systemu kontroli wewnętrznej oraz systemu zarządzania Spółki. Audyt wewnętrzny jest działalnością niezależną i obiektywną, której celem jest dodanie wartości i usprawnienie działalności operacyjnej organizacji. Polega na systematycznej i dokonywanej w uporządkowany sposób ocenie procesów: zarządzania ryzykiem, kontroli i ładu organizacyjnego i przyczynia się do poprawy ich działania. Pomaga organizacji osiągnąć cele udzielając zapewnienia o skuteczności tych procesów, jak również poprzez doradztwo. Działalność audytu wewnętrznego jest mechanizmem ukierunkowanym na wsparcie organizacji w celu ograniczenia ryzyk, umocnienia procesów ładu organizacyjnego i struktur organizacyjnych. Audyt Wewnętrzny ocenia możliwość pojawienia się defraudacji oraz sam proces zarządzania ryzykiem defraudacji. W przypadkach, kiedy istnieje podejrzenie defraudacji, nielegalnych działań czy też kwestii związanych z bezpieczeństwem, jednostki organizacyjne mają obowiązek natychmiast poinformować Departament Audytu Wewnętrznego, Wydział Zapobiegania Nadużyciom, Wydział Zarządzania Ryzykiem i Departament Zarządzania Zgodnością. Dotyczy to m.in. ryzyk reputacyjnych, podejrzanego zaangażowania członków Zarządu, Rady Nadzorczej lub kluczowych pracowników spółki wymienionych w regulacji wewnętrznej dotyczącej kompetencji i reputacji oraz rekomendacji, dla których ryzyko oznaczono jako wysokie. Audyt Wewnętrzny działa, jako ostatnia tj. „trzecia linia obrony” w modelu “trzech linii obrony”, gdzie pozostałe dwie linie obrony to: a) „Pierwsza linia obrony” – zawiera kontrole operacyjne, wbudowane w procesy, wykonywane terminowo w sposób ustrukturyzowany, dokładny, regularny i logiczny. b) „Druga linia obrony” – zawiera jednostki organizacyjne odpowiedzialne za np. zarządzanie ryzykiem, zarządzanie zgodnością, aktuariat i obsługę prawną, dające zapewnienie, że wykonywane kontrole są zgodne z celami oraz procedurami i innymi regulacjami wewnętrznymi, z których wynikają. TUiR Allianz Polska S.;31.12.2022;1;1
106;8.0;12.0;B.4 B. 4.2 Procedura kontroli wewnętrznej  ;Celem Procedury Kontroli Wewnętrznej jest zapewnienie efektywnego systemu kontroli wewnętrznej dostosowanego do charakteru oraz profilu działalności, w sposób trwały i spójny z systemem zarządzania i strukturą organizacyjną Spółki oraz najlepszymi praktykami Grupy Allianz. Procedura kontroli wewnętrznej określa: •;31.12.2022;1;1
107;8.0;11.0;B.3 System zarządzania ryzykiem, w tym własna ocena ryzyka i wypłacalności;wypłacalności B.3.1 Ramy Zarządzania Ryzykiem Dla Spółki, jako dla dostawcy usług finansowych, zarządzanie ryzykiem jest jedną z kluczowych kompetencji. Jest integralną częścią procesu biznesowego. Ramy zarządzania ryzykiem w Spółce obejmują wszystkie operacje, w tym technologie informatyczne, procesy i produkty. Kluczowymi elementami ram zarządzania ryzykiem są: •;31.12.2022;1;1
108;8.0;10.0;B.2 Wymogi dotyczące kompetencji i reputacji;reputacji B.2.1 Polityka i procesy Spółka posiada aktualną Procedurę kompetencji i reputacji osób pełniących kluczowe funkcje. Regulacja ta ma zapewnić spełnianie przez wszystkie osoby, które zarządzają Towarzystwem wymagań w zakresie kompetencji i reputacji dających rękojmię prawidłowego działania Spółki przewidzianych również w ustawie z dnia 11 września 2015 roku o działalności ubezpieczeniowej i reasekuracyjnej. TUiR Allianz Polska S.;31.12.2022;1;1
109;8.0;9.0;B.1 Informacje ogólne o systemie zarządzania;zarządzania System zarządzania podlega regularnym przeglądom. Przegląd odbywa się raz w roku lub ad-hoc, w przypadku wystąpienia nadzwyczajnych okoliczności (takich jak w przypadku większych zmian organizacyjnych lub prawnych), jak również może skupić się na wybranych obszarach systemu zarządzania. Odpowiedzialność za przegląd leży po stronie Zarządu. Zarząd dokonuje oceny systemu zarządzania pod kątem adekwatności, efektywności, odpowiedniości zaprojektowania, właściwej struktury organizacyjnej oraz prawidłowości funkcjonowania, przy uwzględnieniu charakteru, skali i złożoności ryzyk. Przegląd systemu zarządzania jest oddzielnym procesem i nie może być zastąpiony przez proces kontrolny pojedynczego elementu systemu zarządzania. Ocena systemu zarządzania składa się z przeglądu adekwatności i przeglądu skuteczności, czyli powinna wskazać, czy system zarządzania jest odpowiednio zaprojektowany i czy skutecznie działa. Ocena adekwatności wskazuje, czy określone elementy systemu zarządzania są kompletne i odpowiednio zaprojektowane i czy przystają do modelu biznesowego Allianz Polska. Ocena adekwatności odbywa się raz w roku na wspólnym posiedzeniu osób nadzorujących kluczowe funkcje w ramach Grupowego Komitetu Governance i Funkcji Kontrolnych. Ocena adekwatności systemu zarządzania obejmuje w szczególności: • strategie Spółki (np. biznesowe, ryzyka inwestycyjnego), w tym strategiczne inicjatywy i projekty, a także zadania związane z praktykami Grupy, • współzależności pomiędzy Grupą a Spółką, ich wzajemne relacje, • główne ustalenia przeglądu systemu zarządzania, • transakcje wewnątrz Grupy, • strukturę organizacyjną, • przepływ informacji do Grupy (system komunikacji, raportowanie itd.). Ocena skuteczności systemu zarządzania gwarantuje, że elementy zarządzania oraz przypisane kontrole są przeprowadzane zgodnie z planem. Opiera się ona przede wszystkim na kontroli przeprowadzonej przez Spółkę, na którą składa się zestaw standardowych działań kontrolnych, w tym cykliczne testowania i podział obowiązków kontrolnych związanych z zarządzaniem Spółką. Każdy element systemu zarządzania jest przypisany do jednego lub większej liczby kontrolnych jednostek organizacyjnych. Oprócz kontroli jak wyżej, przegląd systemu zarządzania może wykorzystywać wyniki z innych procesów kontroli czy ustaleń, na przykład: • sprawozdania z przeprowadzonych audytów wewnętrznych, w szczególności w zakresie oceny systemu lub elementów systemu zarządzania, • informacje/wnioski innych jednostek organizacyjnych, czy funkcji, w szczególności funkcji kluczowych (np. przeglądy przez nie przeprowadzone, spotkania kwartalne osób pełniących kluczowe funkcje w ramach Grupowego Komitetu Governance i Funkcji Kontrolnych). Koordynatorem procesu przygotowania materiałów jest Departament Zarządzania Zgodnością. TUiR Allianz Polska S.;31.12.2022;1;1
110;2.0;7.0;A.5 Wszelkie inne informacje;informacje Pandemia COVID-19, która ujawniła się w 2020 roku, spowodowała globalne zakłócenia działalności gospodarczej i spadek PKB. W Polsce był to pierwszy rok ze spadkiem PKB od początku lat 90tych XX wieku. Rok 2021 przyniósł nadzieję, że dzięki udostępnionym szczepionkom, rozwijanym lekarstwom oraz transferom rządowym na rzecz ludności i dotkniętych pandemią sektorów przedsiębiorstw, możliwy będzie szybki powrót funkcjonowania społeczeństwa i gospodarki UE i Polski do sytuacji bliskiej tej przed pandemią. Towarzyszyło temu istotne TUiR Allianz Polska S.;31.12.2022;1;1
111;2.0;6.0;A.4 Wyniki z pozostałych rodzajów działalności;działalności Zakład ubezpieczeń zalicza do pozostałych przychodów i kosztów operacyjnych w szczególności przychody i koszty dotyczące: •;31.12.2022;1;1
112;2.0;5.0;A.3 Wynik z działalności lokacyjnej;lokacyjnej (inwestycyjnej) A.3.1 Wynik z działalności lokacyjnej i jego składowe Celem polityki inwestycyjnej Towarzystwa jest maksymalizowanie stopy zwrotu przy zachowaniu bezpieczeństwa inwestowanych środków i zapewnieniu wysokiej płynności aktywów. Struktura portfela inwestycyjnego Towarzystwa wynika z charakteru i struktury jego zobowiązań i rezerw. Głównym składnikiem portfela inwestycyjnego Towarzystwa są polskie obligacje skarbowe a następnie akcje nienotowane, jednostki uczestnictwa funduszy inwestycyjnych sektora obligacji korporacyjnych oraz sektora obligacji skarbowych rynków rozwijających się (tzw. emerging markets), a także depozyty inne niż ekwiwalenty środków pieniężnych oraz Jednostki uczestnictwa funduszy inwestycyjnych inwestujących w instrumenty dłużne.;31.12.2022;1;1
113;2.0;4.0;A.2 Wynik z działalności ubezpieczeniowej;ubezpieczeniowej A.2.1 Dział II – Pozostałe ubezpieczenia osobowe oraz ubezpieczenia majątkowe TUiR Allianz Polska S.A. prezentuje wynik techniczny jako wynik z działalności ubezpieczeniowej. Tabela 1 Wynik z działalności ubezpieczeniowej w podziale na istotne linie biznesowe;31.12.2022;1;1
114;2.0;3.0;A.1 Linie biznesowe dla zobowiązań ubezpieczeniowych i reasekuracyjnych związanych z ubezpieczeniami innymi niż ubezpieczenia na życie (bezpośrednia działalność ubezpieczeniowa i przyjęta reasekuracja proporcjonalna)Linie biznesowe dla zobowiązań ubezpieczeniowych i reasekuracyjnych związanych z ubezpieczeniami innymi niż ubezpieczenia na życie (bezpośrednia działalność ubezpieczeniowa i przyjęta reasekuracja proporcjonalna)Linie biznesowe dla przejętej reasekuracji  nieproporcjonalnejOgółem S.05.01.02Towarzystwo Ubezpieczeń i Reasekuracji Allianz Polska Spółka AkcyjnaRoczne dane i informacje sporządzone na dzień 31-12-2022 r.Ubezpieczenia zdrowotneUbezpieczenia z udziałem w zyskachUbezpieczenia, w których świadczenie jest ustalane w oparciu o określone indeksy lub inne wartości bazowe i ubezpieczenia związane z ubezpieczeniowym funduszem kapitałowym Pozostałe ubezpieczenia na życieRenty z umów ubezpieczenia innych niż umowy ubezpieczenia na życie oraz powiązane ze zobowiązaniami z tytułu ubezpieczeń zdrowotnychRenty z umów ubezpieczenia innych niż umowy ubezpieczenia na życie oraz powiązane ze zobowiązaniami ubezpieczeniowymi innymi niż zobowiązania z tytułu ubezpieczeń zdrowotnych Reasekuracja ubezpieczeń zdrowotnychReasekuracja ubezpieczeń na życieC0210C0220C0230C0240C0250C0260C0270C0280C0300Składki przypisane;BruttoR1410000000000 Udział zakładu reasekuracjiR1420000000000 NettoR1500000000000Składki zarobione;31.12.2022;1;1
