;ID_SEKCJA NADRZĘDNA;ID_SEKCJA;NAZWA_SEKCJI;TREŚĆ;DATA SFCR;WERSJA SFCR;KOD ZAKŁADU;KOD ZAKLADU;ID_TAB
0;;;Podsumowanie PodsumowanieSprawozdanie o wypłacalności i kondycji finansowej PKO Towarzystwa Ubezpieczeń SA2018;sporządzenia;11.09.2015;1;1;27;124
1;33.0;;E.2.2 Minimalny wymóg kapitałowy;kapitałowyMinimalny wymóg kapitałowy oraz jego składowe zostały zaprezentowane w tabeli poniżej Sprawozdanie o wypłacalności i kondycji finansowej PKO Towarzystwa Ubezpieczeń SA;11.09.2015;1;1;27;124
2;33.0;;E.2.1 Tabela E.2.1. Struktura kapitałowego wymogu wypłacalności w PKO TU (w tys. zł)Wartość na dzień 31.12.2018;rynkowe4 932Ryzyko niewykonania zobowiązania przez kontrahenta5 140Ryzyko ubezpieczeniowe w ubezpieczeniach zdrowotnych41 130Ryzyko ubezpieczeniowe w ubezpieczeniach innych niż ubezpieczenia na życie116 587Dywersyfikacja-39 564Podstawowy kapitałowy wymóg wypłacalności128 224Ryzyko operacyjne10 355Zdolnoś;11.09.2015;1;1;27;124
3;32.0;;E.1.5 Wyjaśnienie rezerwy uzgodnieniowej;"uzgodnieniowejZgodnie ze stanem na dzień 31 grudnia 2018 roku rezerwa uzgodnieniowa wyniosła 146 896 tys zł Rezerwa uzgodnieniowa jest równa nadwyżce aktywów nad zobowiązaniami ogółem, pomniejszonej o następujące elementy:• kapitał zakładowy i agio (nadwyżka ze sprzedaży akcji powyżej ich wartości nominalnej związana z kapitałem zakładowym);• podatek od niektórych instytucji finansowych do zapłaty w okresie 12 miesięcy Szczegółowe informacje dotyczące wysokości poszczególnych elementów składowych rezerwy uzgodnieniowej zostały zaprezentowane w załączniku nr 4 – S 23 01 01 ŚRODKI WŁASNE niniejszego sprawozdania E.2 Kapitałowy wymóg wypłacalności i minimalny wymóg kapitałowy";11.09.2015;1;1;27;124
4;32.0;;E.1.4 Podsumowanie uzupełniających środków własnych;własnychWedług stanu na dzień 31 grudnia 2018 roku Towarzystwo nie posiada uzupełniających środków własnych, o których mowa w Artykule 297 Aktu Delegowanego Sprawozdanie o wypłacalności i kondycji finansowej PKO Towarzystwa Ubezpieczeń SA;11.09.2015;1;1;27;124
5;32.0;;E.1.3 Różnice w wartości kapitału dla celów statutowych, a celów wypłacalności;wypłacalnościRóżnice w wartości kapitału wykazywanego dla celów statutowych w porównaniu z nadwyżką aktywów nad zobowiązaniami obliczoną dla celów wypłacalności wynikają przede wszystkim z faktu, że Towarzystwo podczas tworzenia bilansu statutowego stosuje politykę opartą na Ustawie o rachunkowości Metody wyceny zawarte w ustawie o rachunkowości w znacznym stopniu różnią się od tych stosowanych dla celów wypłacalności, które z kolei bliższe są w swojej wykładni do Międzynarodowych Standardów Sprawozdawczości Finansowej Ponadto Akt Delegowany Komisji Europejskiej z dnia 10 października 2014 roku ściśle określa podejście do wyceny poszczególnych składników bilansu, wprowadzając inne metody wyceny i podziału jego składowych Szczegółowe informacje ilościowe w zakresie korekt dla poszczególnych pozycji bilansu ekonomicznego znajdują się w rozdziale D Tabela E.1.2. Różnice w wartości kapitału dla celów statutowych, a celów wypłacalności w PKO TU (w tys. zł);11.09.2015;1;1;27;124
6;32.0;;E.1.2 Informacja dotycząca struktury środków własnych;"własnychŚrodki własne Towarzystwa składają się wyłącznie z kapitału podstawowego – Kategoria 1 W porównaniu do bilansu otwarcia na koniec okresu sprawozdawczego, tj 31 grudnia 2018 roku, kapitał zakładowy nie uległ zmianie, natomiast nadwyżka ze sprzedaży akcji powyżej ich wartości nominalnej związana z kapitałem zakładowym zwiększyła się o 760 tys zł Struktura środków własnych w Spółce zgodnie ze stanem na 31 grudnia 2018 roku prezentuje się następująco: Kategoria 1 podstawowych środków własnych to:• nadwyżka aktywów nad zobowiązaniami (245 182 tys zł);• opłacony kapitał zakładowy (95 760 tys zł);• rezerwa uzgodnieniowa (146 896 tys zł) Spółka nie posiada innych kategorii środków własnych w swojej strukturze kapitałowej Sprawozdanie o wypłacalności i kondycji finansowej PKO Towarzystwa Ubezpieczeń SA";11.09.2015;1;1;27;124
7;32.0;;E.1.1 Tabela nr E.1.1. Struktura środków własnych w PKO TU (w tys. zł)Wartość na dzień 31.12.2017Wartość na dzień 31.12.2018;środki własne – Kategoria 1159 006242 657Kapitał zakładowy (wraz z akcjami własnymi) – Kategoria 125 000 25 000 Nadwyżka ze sprzedaży akcji powyżej ich wartości nominalnej związana z kapitałem zakładowym – Kategoria 1 70 00070 760Rezerwa uzgodnieniowa – Kategoria 164 006146 896Dostępne i dopuszczone środki własne (Razem Kategoria 1)159 006242 657Przyrost środków własnych w 2018 roku wynikał przede wszystkim z rozwoju zyskownych linii biznesowych, co ma swoje odzwierciedlenie w wysokości rezerwy uzgodnieniowej Przedstawiona przez zakład ubezpieczeń wartość dopuszczonych i dostępnych środków własnych dotyczy zarówno pokrycia wymogu kapitałowego SCR, jak i MCR Poza zmianą wysokości rezerwy uzgodnieniowej oraz nadwyżki ze sprzedaży akcji powyżej ich wartości nominalnej związanej z kapitałem zakładowym struktura środków własnych nie uległa zmianie w stosunku do roku 2017 E.1.3 Różnice w wartości kapitału dla celów statutowych, a celów wypłacalności;11.09.2015;1;1;27;124
8;28.0;;D.3.5 Pozostałe zobowiązania (niewykazane w innych pozycjach);"pozycjach)W bilansie ekonomicznym w pozostałych zobowiązaniach niewykazanych w innych pozycjach Towarzystwo prezentuje głównie zobowiązania wobec Skarbu Państwa (podatki, ZUS) Metodyka wyceny jest analogiczna jak w przypadku pozostałych zobowiązań (handlowe, inne niż z tytułu działalności ubezpieczeniowej) W pozycji tej w kolumnie „Wartość wg PSR” zostało zaprezentowane salda zobowiązań, które podlegają eliminacji w bilansie ekonomicznym w ramach korekt wyceny do wartości godziwej:• odroczone prowizje reasekuracyjne (563 170 tys zł);• fundusze specjalne (w tym ZFŚS: 132 tys zł, Fundusz Organizacyjny 258 tys zł) Poza powyższymi korektami wyceny na dzień 31 grudnia 2018 roku nie zidentyfikowano innych istotnych korekt w stosunku do danych wg PSR D.4 Alternatywne metody wyceny";11.09.2015;1;1;27;124
9;28.0;;D.3.4 Pozostałe zobowiązania (handlowe, inne niż z tytułu działalności ubezpieczeniowej);ubezpieczeniowej)W bilansie statutowym Towarzystwo wycenia pozostałe zobowiązania w kwocie wymagającej zapłaty W zakresie pozostałych zobowiązań (handlowe, inne niż z tytułu działalności ubezpieczeniowej) Towarzystwo w bilansie ekonomicznym prezentuje zobowiązania handlowe, kwoty należne pracownikom i dostawcom, których termin lub kwota są pewne Sprawozdanie o wypłacalności i kondycji finansowej PKO Towarzystwa Ubezpieczeń SA;11.09.2015;1;1;27;124
10;28.0;;D.3.3 Tabela D.3.3. Termin odwrócenia się przejściowych różnic podatkowych dla istotnych pozycji dochodowego podatku odroczonegoOpisPodatek odroczonydo 1 rokuPow. 1 roku;w wycenie rezerw techniczno-ubezpieczeniowych netto-49 911-2 324-47 588Strata podatkowa – lata ubiegłe11 551011 551Różnice w wysokości salda odroczonego podatku dochodowego między sprawozdaniem finansowym a bilansem ekonomicznym wynikają z różnic w wycenie aktywów i zobowiązań opisanych w niniejszym rozdziale Najbardziej istotne różnice dotyczą przede wszystkim odmiennej metodyki kalkulacji rezerw techniczno-ubezpieczeniowych, o których mowa w rozdziale D 2 D.3.2 Zobowiązania z tytułu ubezpieczeń i wobec pośredników ubezpieczeniowych;11.09.2015;1;1;27;124
11;28.0;;D.3.2 Tabela D.3.2 Podatek odroczony stan na 31 grudnia 2018 roku (w tys. zł) OpisPodstawa naliczeniaPodatek odroczony;techniczno ubezpieczeniowe-262 691-49 911Strata podatkowa – lata ubiegłe60 79611 551Wartości niematerialne i prawne15 1602 880Pozostałe14 9902 848RAZEM-171 745-32 631Sprawozdanie o wypłacalności i kondycji finansowej PKO Towarzystwa Ubezpieczeń SA;11.09.2015;1;1;27;124
12;28.0;;D.3.1 Tabela D.3.1. Inne zobowiązania (w tys. zł)REFWartość  wg PSRKorekty prezenta-cyjneKorekty wycenyWartość wg Solvency II;rezerwy (inne niż rezerwy techniczno-ubezpiecze-niowe)5 928005 928Zobowiązania z tytułu świadczeń emerytalnych dla pracowników850085Rezerwy z tytułu odroczonego podatku dochodowegoD 3 1 6 573026 05832 631Zobowiązania z tytułu ubezpieczeń i wobec pośredników ubezpieczeniowychD 3 23610361Zobowiązania z tytułu reasekuracji biernejD 3 341 0230-41 0230Pozostałe zobowiązania (handlowe, inne niż z tytułu działalności ubezpieczeniowej)D 3 449300493Pozostałe zobowiązania (niewykazane w innych pozycjach)D 3 5 564 2450-563 560685Inne zobowiązania ogółem618 7080-578 52540 183Na dzień 31 grudnia 2018 roku zobowiązania, o których mowa w niniejszym rozdziale, zostały zaklasyfikowane jako zobowiązania krótkoterminowe z przewidywanym terminem spłaty do 12 miesięcy, a co za tym idzie – wartość zobowiązań na potrzeby Wypłacalności II odpowiada wartości zaprezentowanej w bilansie statutowym W ocenie Spółki wartość pieniądza w czasie na wycenę przedmiotowych zobowiązań do wartości godziwej nie ma istotnego wpływu D.3.1 Rezerwy z tytułu odroczonego podatku dochodowego;11.09.2015;1;1;27;124
13;27.0;;D.2.5 Istotne zmiany w założeniach;"założeniachZałożenia, które były aktualizowane w trakcie 2018 roku w trakcie kalkulacji rezerw techniczno-ubezpieczeniowych na cele wypłacalności, dotyczyły przede wszystkim trzech kategorii: wskaźników rezygnacji, poziomu kosztów jednostkowych oraz prawdopodobieństw zajść zdarzeń ubezpieczeniowych W celu skwantyfikowania oceny wpływu pojedynczych zmian Spółka dokonała kalkulacji wysokości najlepszego oszacowania rezerw w podziale na linie biznesowe w następujących scenariuszach:• przyjmując założenia z bilansu otwarcia (31 grudnia 2018 roku) [scenariusz 1];• przyjmując założenia z bilansu otwarcia, za wyjątkiem założeń dotyczących rezygnacji, które zostały zaktualizowane (zgodnie z założeniami obowiązującymi na bilans zamknięcia) [scenariusz 2];• przyjmując założenia jak w scenariuszu 2, z dodatkową aktualizacją założeń dotyczących kosztów jednostkowych [scenariusz 3];• przyjmując model i założenia jak w scenariuszu 3, z dodatkową aktualizacją założeń dotyczących szkodowości [scenariusz 4] W wyniku kroku pierwszego, tj aktualizacji wskaźników rezygnacji, wartość najlepszego oszacowania rezerw uległa zmniejszeniu o 8 114 tys zł (7%) W wyniku kroku drugiego, tj aktualizacji założeń dotyczących kosztów jednostkowych, wartość najlepszego oszacowania rezerw uległa zwiększeniu o 6 600 tys zł (wpływ 5%) Najbardziej istotną zmianą założeń była zmiana dokonana w kroku trzecim, tj aktualizacja założeń dotyczących szkodowości, w wyniku której wartość najlepszego oszacowania uległa zmniejszeniu o 6 501 tys zł (5%) Powyższe zmiany były materialne w ramach trzech linii biznesowych: ubezpieczeń na pokrycie świadczeń medycznych, ubezpieczeń na wypadek utraty dochodów oraz ubezpieczeń różnych ryzyk finansowych D.3 Inne zobowiązania";11.09.2015;1;1;27;124
14;27.0;;D.2.4 Kwoty należne z umów reasekuracji;"reasekuracjiKwoty należne z umów reasekuracji są obliczane zgodnie z zapisami zawartych przez Spółkę umów reasekuracji Kwoty te obliczane są oddzielnie dla rezerw składek i rezerw na niewypłacone odszkodowania i świadczenia w następujący sposób: a) przepływy pieniężne dotyczące rezerw na niewypłacone odszkodowania i świadczenia obejmują płatności odszkodowań i świadczeń dotyczących roszczeń uwzględnionych w rezerwach szkodowych brutto (nieuregulowanych roszczeń ubezpieczeniowych); b) przepływy pieniężne dotyczące rezerw składek obejmują wszystkie pozostałe płatności, wynikające z tytułów takich, jak udział reasekuratora w szkodach niezaistniałych, lecz oczekiwanych, składki na udziale reasekuratora, w tym składki minimalne i depozytowe, rozliczenia prowizji reasekuracyjnej Wynik tego obliczenia jest dostosowywany w celu uwzględnienia oczekiwanych strat w związku z niewykonaniem zobowiązania przez kontrahenta Dostosowanie to opiera się na ocenie prawdopodobieństwa niewykonania zobowiązania przez kontrahenta oraz średniej stracie z tego wynikającej (strata z tytułu niewykonania zobowiązania) D.2.5 Istotne zmiany w założeniach";11.09.2015;1;1;27;124
15;27.0;;D.2.3 Różnice pomiędzy metodologią wyceny rezerw do celów wypłacalności, a metodologią wyceny rezerw na potrzeby sprawozdań finansowychSprawozdanie o wypłacalności i kondycji finansowej PKO Towarzystwa Ubezpieczeń SA2018;"SA201859W poniższej tabeli zawarto istotne różnice pomiędzy podstawami, metodami i głównymi założeniami stosowanymi do wyceny do celów wypłacalności i na potrzeby sprawozdania statutowego dla wszystkich linii biznesowych:• ubezpieczenia pokrycia kosztów świadczeń medycznych;• ubezpieczenia na wypadek utraty dochodów;• ubezpieczenia morskie, lotnicze i transportowe;• ubezpieczenia od ognia i pozostałych szkód rzeczowych;• ubezpieczenia OC ogólnej;• ubezpieczenia kredytu i gwarancji ubezpieczeniowej;• ubezpieczenia ochrony prawnej;• ubezpieczenia świadczenia pomocy;• ubezpieczenia różnych ryzyk finansowych";11.09.2015;1;1;27;124
16;27.0;;D.2.2 Opis poziomu niepewności związanej z wartością rezerw techniczno-ubezpieczeniowych;"techniczno-ubezpieczeniowychNiepewność rezerw techniczno-ubezpieczeniowych na cele wypłacalności związana jest ze:• zmianami w realizacji częstotliwości i wysokości szkód (zmiany szkodowości) w stosunku do dotychczas obserwowanej empiryki, zmianami w charakterystyce zachowań klientów (w szczególności w zakresie rezygnacji z umów ubezpieczeń);• zmianami w poziomie kosztów jednostkowych (koszt per polisa), które mogą wynikać zarówno ze zmian w zakładanych poziomach łącznych kosztów obsługowych (relatywnie krótki okres planowania finansowego w stosunku do długości pro-gnozowanych przepływów finansowych z zawartych umów ubezpieczenia), jak i ze zmiany struktury i wolumenu portfela, będącego bazą do określania kosztów jednostkowych Niepewności te są związane z ryzykiem naturalnego odchylenia się realizacji zmiennej losowej od jej wartości oczekiwanej, a krótkookresowe odchylenia nie muszą świadczyć o niewłaściwie dobranych założeniach Spółka analizuje odchylenia szkodowości oraz poziomów rezygnacji umów w ramach corocznego procesu oceny zgodności założeń z realizacjami W ramach kosztów jednostkowych Spółka analizuje w trybie rocznym zmiany założeń, wyjaśniając przyczynę ich zmian Pozostałe czynniki niepewności i ich wpływ na poziom rezerw techniczno-ubezpieczeniowych analizowana jest przez Spółkę m in w ramach procesu ORSA oraz w ramach osobnych analiz ad-hoc w sytuacji identyfikacji nowego ryzyka D.2.3 Różnice pomiędzy metodologią wyceny rezerw do celów wypłacalności, a metodologią wyceny";11.09.2015;1;1;27;124
17;27.0;;D.2.1 Tabela D.2.1. Rezerwy techniczno-ubezpieczeniowe wg stanu na 31 grudnia 2018 roku (w tys. zł)Linia biznesuNajlepsze oszacowanie rezerwyMargines ryzykaRazem;pokrycia kosztów świadczeń medycznych28 5412 31730 858Ubezpieczenia na wypadek utraty dochodów8 3473628 709Ubezpieczenia morskie, lotnicze i transportowe72767794Ubezpieczenia od ognia i pozostałych szkód rzeczowych15 07888715 966Ubezpieczenia OC ogólnej58650636Ubezpieczenia kredytu i gwarancji ubezpieczeniowej31235347Ubezpieczenia ochrony prawnej40040Ubezpieczenia świadczenia pomocy30910319Ubezpieczenia różnych ryzyk finansowych60 0535 41465 467Razem113 9939 142123 135Sprawozdanie o wypłacalności i kondycji finansowej PKO Towarzystwa Ubezpieczeń SA;11.09.2015;1;1;27;124
18;26.0;;D.1.6 Należności z tytułu ubezpieczeń i od pośredników ubezpieczeniowych oraz z tytułu reasekuracji biernej;biernejW bilansie ekonomicznym w pozycji tej prezentowane są jedynie przeterminowane należności od ubezpieczających, zakładów ubezpieczeń oraz inne związane z działalnością ubezpieczeniową, a także należności z tytułu reasekuracji biernej, nieujęte w przepływach pieniężnych w najlepszym oszacowaniu rezerw techniczno-ubezpieczeniowych (BEL) lub w kwotach należnych w przypadku reasekuracji biernej Towarzystwo wycenia należności z tytułu ubezpieczeń i od pośredników ubezpieczeniowych alternatywną metodą wyceny opisaną w rozdziale D 4 , z uwagi na brak aktywnego rynku W bilansie statutowym należności z tytułu ubezpieczeń i od pośredników ubezpieczeniowych obejmują kwoty zarówno wymagalne, jak i niewymagalne, a ich wycena następuje wg wartości nominalnej pomniejszonej o odpisy z tytułu trwałej utraty wartości Ujęta korekta wartości między bilansem ekonomicznym, a bilansem statutowym w całości wynika z ujęcia niewymagalnych należności w najlepszym oszacowaniu rezerw jako przyszłe przepływy pieniężne W pozycji tej ujmowane są wymagalne należności od reasekuratorów z tytułów innych niż płatności dotyczące uregulowanych roszczeń ubezpieczeniowych, które prezentowane są w pozycji „Pozostałe aktywa (niewykazane w innych pozycjach)” Należności nieprzeterminowane uwzględniane są w wycenie pozycji „Kwoty należne z umów reasekuracji” jako przyszłe przepływy pieniężne D.2 Rezerwy techniczno-ubezpieczeniowe;11.09.2015;1;1;27;124
19;26.0;;D.1.5 Kwoty należne z umów reasekuracji;reasekuracjiWyznaczanie wartości kwot należnych z umów reasekuracji opiera się na metodyce aktuarialnej, obejmującej wyliczenie oczekiwanych przepływów pieniężnych związanych z rozliczeniami z reasekuratorem (zob opis w podrozdziale D 2 4) Sprawozdanie o wypłacalności i kondycji finansowej PKO Towarzystwa Ubezpieczeń SA;11.09.2015;1;1;27;124
20;26.0;;D.1.4 Lokaty (inne niż aktywa dla ubezpieczeń na życie, w których świadczenie jest ustalane w oparciu o określone indeksy lub inne wartości bazowe i dla ubezpieczeń na życie związanych z ubezpieczeniowym funduszem kapitałowym)D.1.4.1 Dłużne papiery wartościowe;wartościoweW bilansie ekonomicznym Towarzystwo stosuje wycenę wg wartości godziwej ustalanej na podstawie notowań z aktywnego rynku W bilansie statutowym Towarzystwo wycenia aktywa finansowe utrzymywane do terminu wymagalności według skorygowanej ceny nabycia z uwzględnieniem odpisów z tytułu trwałej utraty wartości, pozostałe dłużne papiery wartościowe wyceniane są w wartości godziwej D.1.4.2 Depozyty inne niż ekwiwalenty środków pieniężnych;11.09.2015;1;1;27;124
21;26.0;;D.1.3 Nieruchomości, maszyny i wyposażenie (rzeczowe aktywa trwałe) wykorzystywane na użytek własny;własnyTowarzystwo wycenia rzeczowe aktywa trwałe w wartości godziwej alternatywną metodą wyceny opisaną w rozdziale D 4 W bilansie statutowym środki trwałe są wyceniane w cenie nabycia lub koszcie wytworzenia, pomniejszonych o odpisy amortyzacyjne lub umorzeniowe oraz o odpisy z tytułu trwałej utraty wartości D.1.4 Lokaty (inne niż aktywa dla ubezpieczeń na życie, w których świadczenie jest ustalane w oparciu;11.09.2015;1;1;27;124
22;26.0;;D.1.2 Wartości niematerialne i prawne;prawneW bilansie ekonomicznym Towarzystwo wycenia w wartości niezerowej wyłącznie te składniki wartości niematerialnych i prawnych, w zakresie których uzasadnione jest wykazanie dodatniej wartości składnika aktywów, możliwej do uzyskania przy ewentualnej transakcji odsprzedaży (stosownie do art 12 Aktu Delegowanego) Wg stanu na koniec roku 2018 Spółka nie zidentyfikowała takich pozycji, wobec czego wartości niematerialne i prawne w bilansie ekonomicznym wynoszą zero W bilansie statutowym wartości niematerialne i prawne wyceniane są wg ceny nabycia pomniejszonej o umorzenie i odpisy z tytułu trwałej utraty wartości D.1.3 Nieruchomości, maszyny i wyposażenie (rzeczowe aktywa trwałe) wykorzystywane na użytek własny;11.09.2015;1;1;27;124
23;26.0;;D.1.1 Tabela D.1.1. Aktywa w bilansie ekonomicznym Spółki na dzień 31 grudnia 2018 roku (w tys. zł)REFWartość  wg PSRKorekty pre-zentacyjneKorekty wycenyWartość wg Solvency II;koszty akwizycjiD 1 1659 4600-659 4600Wartości niematerialne i prawneD 1 215 1600-15 1600Aktywa z tytułu odroczonego podatkuD 3 10000Nieruchomości, maszyny i wyposażenie (rzeczowe aktywa trwałe) wykorzystywane na użytek własnyD 1 31 3450-431 302Lokaty (inne niż aktywa dla ubezpieczeń na życie, w których świadczenie jest ustalane w oparciu o określone indeksy lub inne wartości bazowe i dla ubezpieczeń na życie związanych z ubezpieczeniowym funduszem kapitałowym)D 1 4377 5950-125377 470 Dłużne papiery wartościoweD 1 4 1 362 94000362 940 Depozyty inne niż ekwiwalenty środków pieniężnychD 1 4 2 14 6550-12514 529Kwoty należne z umów reasekuracji dla zobowiązań wynika-jących z:D.1.5;11.09.2015;1;1;27;124
24;12.0;;B.4.2 Opis realizacji funkcji zgodności z przepisami;"przepisamiFunkcja zgodności realizowana jest w Towarzystwie poprzez Biuro Prawne i Zgodności Zadania Biura zostały zdefiniowane w regulacjach wewnętrznych dot ryzyka braku zgodności Priorytety Biura na dany rok są określane w planie zapewnienia zgodności zatwierdzanym przez Zarząd i konsultowanym z Komitetem Audytu Do procesów stale realizowanych przez Biuro lub z jego udziałem należą:• prowadzenie prac dostosowawczych związanych z nowy-mi regulacjami prawnymi i wymaganiami nadzorczymi;• ocena ryzyka braku zgodności, w tym w ramach procesu tworzenia produktów i materiałów marketingowych;• monitoring zgodności;• przegląd systemu zarządzania;• koordynowanie prac związanych z kontrolami zewnętrz-nych organów i wdrażaniem działań naprawczych;• rejestracja incydentów braku zgodności i ocena adekwat-ności podjętych działań naprawczych;• zarządzanie sytuacjami konfliktu interesów, w tym inwe-stycji własnych pracowników Towarzystwa;• prowadzenie rejestru korzyści i prezentów W ramach procesu zapewnienia dostosowania do nowych regulacji prawnych rolą Biura Prawnego i Zgodności jest identyfikacja zakresu prac wdrożeniowych, upewnienie się, że właściwe działania dostosowawcze zostały podjęte w Towarzystwie, raportowanie o statusie prac i ryzykach związanych z wdrożeniem do Zarządu i Rady Nadzorczej W ramach dokonywania oceny ryzyka zgodności Towarzystwo realizuje trzy procesy:• samoocenę ryzyka braku zgodności na poziomie pro-cesów – analiza jest przeprowadzona w cyklu rocznym; proces ma charakter następczy;• ocenę ryzyka, w tym ryzyka braku zgodności w ramach wdrażanych istotnych inicjatyw – proces jest przepro-wadzany przy każdej takiej inicjatywie i ma charakter prewencyjny;• u czestnictwo Biura Prawnego i Zgodności w procesie tworzenia dokumentacji produktowej i materiałów mar-ketingowych–działanie o charakterze prewencyjnym W ramach monitorowania zgodności prowadzonego przez Biuro Prawne i Zgodności przeprowadzane są działania sprawdzające poświęcone wybranym obszarom po uprzedniej analizie ryzyka z uwzględnieniem równolegle przeprowadzanych i planowanych zadań audytowych Działania monitoringowe kończą się raportem lub notatką (w przypadku zadań o mniejszym wymiarze), wydaniem rekomendacji, ustaleniem działań mitygujących ryzyko oraz komunikacją wyników do Zarządu i Komitetu Ryzyka Sprawozdanie o wypłacalności i kondycji finansowej PKO Towarzystwa Ubezpieczeń SA";11.09.2015;1;1;27;124
25;11.0;;B.3.2 Schemat B.3.2. Trzy poziomy w zarządzaniu ryzykiemI POZIOMII POZIOMIII POZIOMPełna odpowiedzialność zaprowadzenie biznesuDoradztwo, konsultacje, ocena, opiniowanie, modelowanieAudyt, przegląd, nadzórJednostki biznesoweKomitet ZarządzaniaRyzykamiKomitet InwestycyjnyKomitet ProjektowyKomitet ProduktowyFunkcja zarządzania ryzykiemFunkcja zgodnościFunkcja aktuarialnaSystem Zarządzania RyzykiemProces ORSASystem Kontroli WewnętrznejRada NadzorczaZarządRegulator (KNF)Zewnętrzny audytorKomitet RyzykaAudyt WewnętrznyKomitet AudytuPrzyjmowanie ryzyka– właściciele ryzykaSprawozdanie o wypłacalności i kondycji finansowej PKO Towarzystwa Ubezpieczeń SA2018;Ocena własna ryzyka i wypłacalności;11.09.2015;1;1;27;124
26;11.0;;B.3.1 Schemat B.3.1. Proces zarządzania ryzykiem;"wymienione kroki podlegają dostosowywaniu do zmieniających się wymogów regulacyjnych, zmian w otoczeniu oraz są przedmiotem usprawnień i doskonalenia Struktura organizacyjna Spółki zapewnia odpowiednie kompetencje i funkcje w zakresie zarządzania ryzykiem oraz określa zakres obowiązków i odpowiedzialności w obszarze zarządzania ryzykiem, a także odpowiednie linie raportowania i komunikacji Strategia Zarządzania Ryzykiem jest wprowadzona z uwagi na to, iż każda aktywność podejmowana przez Spółkę generuje ryzyko Celem Strategii Zarządzania Ryzykiem jest zapewnienie stabilnego zarządzania ryzykiem, zintegrowanego z działalnością Spółki PKO TU dąży do ciągłego rozwoju systemu, świadomości i kultury zarządzania ryzykiem w Spółce poprzez podniesienie jakości procesów i metodologii identyfikacji, pomiaru, monitoringu, kontroli ryzyk wynikających z podejmowanej działalności, a także poprawy efektywności metod i narzędzi ograniczania ryzyka PKO TU sporządziło na piśmie zasady dotyczące funkcji zarządzania ryzykiem, obejmujące zasady związane z następującymi obszarami:• oceną ryzyka przyjmowanego do ubezpieczenia i tworzenie rezerw techniczno-ubezpieczeniowych dla celów wypłacalności;• zarządzaniem aktywami i zobowiązaniami;• zarządzaniem lokatami;• zarządzaniem płynnością i ryzykiem koncentracji;• zarządzaniem ryzykiem operacyjnym, w tym bezpieczeństwem IT;• reasekuracją i innymi technikami przenoszenia ryzyka Do elementów systemu zarządzania ryzykiem należą między innymi:• organizacja ładu korporacyjnego obejmującego zarówno strukturę organizacyjną, linie raportowania, kluczowe funkcje, kontrolę wewnętrzną, nadzór, komunikację, jak i kulturę zarządzania ryzykiem;• ocena własna ryzyk i potrzeb kapitałowych w horyzoncie planowania biznesowego System zarządzania ryzykiem ma zapewniać, że metody identyfikacji, oceny lub pomiaru, monitorowania, kontroli, prognozowania, monitorowania i raportowania ryzyka oraz działań zarządczych są adekwatne do tolerancji na ryzyko przyjętej przez PKO TU oraz że wszystkie istotne rodzaje ryzyka, na które Towarzystwo jest lub może być narażone w horyzoncie czasowym równym okresowi planowania biznesowego, są identyfikowane jeszcze przed podjęciem decyzji biznesowych i uwzględniane przy podejmowaniu tych decyzji ››";11.09.2015;1;1;27;124
27;10.0;;B.2.3. Badanie reputacji Prezesa i Członków Zarządu oraz pozostałych osób pełniących inne kluczowe funkcje;funkcjeW celu zapobieżenia wystąpieniu ryzyka reputacyjnego i/lub jego skutków dla PKO TU, Towarzystwo bada reputację osób pełniących funkcje Prezesa Zarządu, Członków Zarządu i wykonujących czynności w ramach innych kluczowych funkcji nie tylko podczas procesu rekrutacji, ale również w trakcie ich zatrudnienia Podczas procesu rekrutacyjnego osoby odpowiedzialne za jego przeprowadzenie i ostateczny wybór kandydata ze szczególną dbałością zwracają uwagę na niejasności w przedstawianej przez kandydatów historii zatrudnienia i/lub prowadzenia przez nich własnej działalności gospodarczej Przed otrzymaniem oferty zatrudnienia (lub podjęcia współpracy na podstawie innej niż umowa o pracę) kandydat jest proszony o dobrowolne wypełnienie ankiety badania reputacji Przed powołaniem przez Radę Nadzorczą danej osoby na stanowisko Członka Zarządu lub Prezesa Zarządu osoba ta zobowiązana jest złożyć oświadczenie, że spełnia warunki ustawowe Osoby już zatrudnione wypełniają ankietę badania reputacji nie rzadziej niż raz w roku W przypadku zmaterializowania się ryzyka reputacyjnego wszelkie decyzje podejmowane są indywidualnie, w zależności od rodzaju ryzyka i funkcji pełnionej przez daną osobę B.3 System zarządzania ryzykiem,;11.09.2015;1;1;27;124
28;10.0;;B.2.2. Kompetencje osób nadzorujących inne kluczowe funkcje;funkcjeZgodnie z art 48 ust 3 Ustawy inne kluczowe funkcje może nadzorować osoba, która ma pełną zdolność do czynności prawnych, ma wyższe wykształcenie, nie była skazana za umyślne przestępstwo lub umyślne przestępstwo skarbowe prawomocnym wyrokiem sądu oraz dodatkowo dysponuje doświadczeniem zawodowym niezbędnym do wykonywania nadzorowanej kluczowej funkcji oraz daje rękojmię wykonywania zadań w sposób należyty Osobą nadzorującą funkcję aktuarialną w Towarzystwie może być wyłącznie aktuariusz Osoby pełniące inne funkcje kluczowe powinny spełniać wymagania kompetencji i rękojmi proporcjonalnie do wykonywanych czynności Kompetencje niezbędne do zajmowania danego stanowiska kluczowego określane są każdorazowo przy prowadzeniu rekrutacji na dane stanowisko Osoby pełniące inne funkcje kluczowe są co roku poddawane procesowi oceny okresowej Za przeprowadzenie tej oceny zgodnie z harmonogramami obowiązującymi Sprawozdanie o wypłacalności i kondycji finansowej PKO Towarzystwa Ubezpieczeń SA;11.09.2015;1;1;27;124
29;10.0;;B.2.1. Kompetencje Prezesa i Członków Zarządu;"ZarząduZgodnie z art 48 ust 1 Ustawy Członkiem Zarządu Towarzystwa może być osoba, która posiada pełną zdolność do czynności prawnych, ma wyższe wykształcenie, nie była skazana za umyślne przestępstwo lub umyślne przestępstwo skarbowe prawomocnym wyrokiem sądu oraz daje rękojmię prowadzenia spraw zakładu w sposób należyty Prezes Zarządu i Członkowie powinni kolektywnie dysponować wiedzą i doświadczeniem pozwalającym im na wypełnianie powierzonych funkcji w zakresie co najmniej:• rynków ubezpieczeń i rynków finansowych, rozumianych jako świadomość i rozumienie biznesowego, gospodar-czego i rynkowego środowiska, w którym Towarzystwo prowadzi działalność i świadomość poziomu wiedzy i potrzeb ubezpieczonych;• strategii i modelu biznesowego, rozumianych jako szczegółowe zrozumienie modelu i strategii biznesowej Towarzystwa, systemu zarządzania, rozumianego jako świadomość i zrozumienie zagrożeń, przed którymi stoi Towarzystwo, i zdolności do zarządzania nimi; umiejęt-ność oceny skuteczności działań Towarzystwa w zakresie skutecznego zarządzania, nadzoru i kontroli w miejscu pracy i – jeśli to konieczne – nadzorowania zmian w tych obszarach,• analizy finansowej i aktuarialnej, rozumianych jako zdol-ność do interpretowania informacji finansowej i aktu-arialnej dotyczącej Towarzystwa, identyfikacji kluczowych problemów, wprowadzenie odpowiednich zasad kontroli oraz podejmowania niezbędnych działań w oparciu o te informacje;• ram i wymogów prawnych, rozumianych jako świado-mość i zrozumienie ram prawnych, w których Towa-rzystwo prowadzi działalność, zarówno pod względem wymagań prawnych i oczekiwań, jak również zdolności do przystosowania się do zmian regulacji bez zbędnej zwłoki Towarzystwo zapewnia odpowiedni udział osób, które wykazują się doświadczeniem i znajomością polskiego rynku finansowego niezbędnych w zarządzaniu instytucją nadzorowaną na polskim rynku finansowym Przynajmniej połowa Członków Zarządu powinna władać językiem polskim Za rekrutację na stanowiska Prezesa Zarządu i Członków Zarządu oraz wybór odpowiednich osób odpowiedzialna jest Rada Nadzorcza Spółki Rada Nadzorcza prowadząc rekrutację na dane stanowisko bierze pod uwagę kryteria kompetencyjne i reputacyjne, tak, by zapewnić odpowiedni poziom profesjonalizmu osób zarządzających Towarzystwem W przypadku rekrutacji na stanowisko, które poprzednio było zajmowane przez inną osobę, Rada Nadzorcza bierze pod uwagę listę kompetencji i formalnych kwalifikacji posiadanych przez zastępowaną osobę i ocenia ich wagę oraz istotność w kontekście całego zespołu zarządzającego Narzędziem służącym do aktualizacji badania poziomu kompetencji grupy osób zarządzających Towarzystwem jest ankieta dotycząca kompetencji Członków Zarządu Dodatkowo, przeprowadzając coroczny proces oceny realizacji celów, Rada Nadzorcza omawia z Prezesem Zarządu i Członkami Zarządu poziom ich kompetencji, wiedzy i doświadczenia oraz omawia plany rozwojowe, by zapewnić ciągły rozwój i nabywanie nowych kwalifikacji w kontekście celów stawianych Spółce B.2.2. Kompetencje osób nadzorujących inne";11.09.2015;1;1;27;124
30;9.0;;B.1.4 Ocena adekwatności systemu zarządzania;"zarządzaniaZgodnie z art 45 ust 4 Ustawy, Towarzystwo przeprowadziło przegląd systemu zarządzania Proces przeglądu został uregulowany stosowną procedurą Zakres przeprowadzanych czynności sprawdzających obejmował wymagania odnoszące się do następujących obszarów:• organizacji Towarzystwa;• systemu informacji zarządczej;• wymagań dot osób wykonujących funkcje kluczowe;• zarządzania ryzykiem;• funkcji zgodności;• funkcji aktuarialnej;• funkcji audytu wewnętrznego;• outsourcingu;• zasad wynagradzania;• zarządzania aktywami i pasywami;• relacji z udziałowcami W wyniku przeglądu uznano, że system zarządzania jest adekwatny w kontekście wymagań stawianych przez regulacje ujęte w:• Ustawie;• Akcie delegowanym;• Zasadach Ładu Korporacyjnego, wydanych przez Komisję Nadzoru Finansowego 22 lipca 2014 roku w zakresie odnoszącym się do systemu zarządzania (wszystkie para-grafy z wyłączeniem Rozdziału 6 – Polityka informacyjna, Rozdziału 7 Działalność promocyjna i relacje z klientami oraz Rozdziału 9 – Wykonywanie uprawnień z aktywów nabytych na ryzyko klienta);• wytycznych dot systemu zarządzania ryzykiem wyda-nych przez EIOPA W odrębnych procesach samooceny analizowano zgodność z wymaganiami pozostałych rekomendacji i wytycznych wydanych przez organ nadzoru W tym zakresie system zarządzania Towarzystwo również uznaje za adekwatny B.2 Wymogi dotyczące";11.09.2015;1;1;27;124
31;9.0;;B.1.3 Informacja dotycząca istotnych transakcji z udziałowcami, osobami wywierającymi znaczący wpływ na towarzystwo oraz z członkami organu administrującego, zarządzającego lub nadzorczego;"nadzorczego W 2018 roku nie wystąpiły transakcje z Członkami Zarządu i Rady Nadzorczej oraz osobami mającymi istotny wpływ na Towarzystwo Członkowie organów Spółki mogą nabywać produkty ubezpieczeniowe będące w ofercie PKO Życie Istotną umową z akcjonariuszem, tj PKO Bankiem Polskim, jest umowa w zakresie pośrednictwa ubezpieczeniowego, która była aktywna w całym 2018 roku Ponadto PKO TU lokowało w Banku depozyty Dodatkowo Spółka jest odbiorcą między innymi następujących usług świadczonych przez Bank:• kolokacja serwerów, macierzy i urządzeń sieciowych w ośrodku podstawowym i zapasowym Banku;• telefonia IP w połączeniu z nagrywaniem rozmów Wszystkie transakcje wewnątrzgrupowe są zawierane na zasadach rynkowych B.1.4 Ocena adekwatności systemu zarządzania";11.09.2015;1;1;27;124
32;9.0;;B.1.2 Informacja na temat zasad i praktyk dotyczą-cych wynagrodzeń;"wynagrodzeńPolityka wynagradzania Towarzystwa ma na celu wsparcie pozyskiwania, utrzymywania i rozwoju pracowników w organizacji Ponadto uzupełnia model zarządzania i zapewnia zgodność zasad wynagradzania z efektywnym zarządzaniem ryzykiem w Towarzystwie Towarzystwo oferuje swoim pracownikom pakiety wynagrodzeń składające się ze stałego wynagrodzenia zasadniczego wypłacanego miesięcznie oraz zmiennego elementu wynagrodzenia wypłacanego rocznie Pracownikowi za szczególne osiągnięcia może zostać przyznana dodatkowa nagroda Stałe miesięczne wynagrodzenie stanowi najistotniejszy z elementów wynagrodzenia, które otrzymuje pracownik Wszyscy pracownicy Towarzystwa, w tym Członkowie Zarządu oraz pracownicy zajmujący stanowiska kierownicze i mający istotny wpływ na profil ryzyka w Towarzystwie, mogą dodatkowo korzystać z innych świadczeń finansowanych przez Towarzystwo:a) Pracowniczego Programu Emerytalnego (składka w wysokości 3% miesięcznego wynagrodzenia pracownika, możliwość złożenia deklaracji przystąpienia do programu po trzech miesiącach zatrudnienia, przy czym przystąpienie do programu następuje po 30 dniach, a pierwsza składka jest opłacana od najbliższego pełnego miesiąca) Pracowniczy Program Emerytalny został wdrożony od maja 2017 roku;b) ubezpieczeń na życie (możliwość przystąpienia od pierwszego dnia zatrudnienia zatrudnienia);c) d odatkowej opieki zdrowotnej (możliwość objęcia od pierwszego dnia zatrudnienia) Towarzystwo na dzień 31 grudnia 2018 roku nie oferowało ani swoim pracownikom, ani członkom organu administrującego, zarządzającego lub nadzorczego i innym osobom nadzorujących kluczowe funkcje innych dodatkowych programów emerytalno-rentowych lub programów wcześniejszych emerytur Spółka nie stosuje uprawnień do akcji ani opcji na akcje jako elementu systemu wynagrodzeń pracowników Zarząd oraz pracownicy zajmujący stanowiska kierownicze i mający istotny wpływ na profil ryzyka w Towarzystwie objęci są systemem zarządzania przez cele Cele są spójne Sprawozdanie o wypłacalności i kondycji finansowej PKO Towarzystwa Ubezpieczeń SA";11.09.2015;1;1;27;124
33;9.0;;B.1.1 Schemat B.1.1 organizacyjny PKO TU  na dzień 31 grudnia 2018 roku;Pion;11.09.2015;1;1;27;124
34;6.0;;A.4.1 Tabela A.4.1. Strata z pozostałych rodzajów działalności PKO TU (w tys. zł)Pozostałe przychody i kosztyWartość w okresie 01–12.2017Wartość w okresie 01–12.2018Zmiana;przychody operacyjne227856Pozostałe koszty operacyjne1 3822 056674W tym podatek od niektórych instytucji finansowych1 3171 984667Wynik z pozostałej działalności operacyjnej-1 360-1 978-618Spółka PKO TU nie posiada istotnych umów leasingowych A.5 Wszelkie inne informacje;11.09.2015;1;1;27;124
35;5.0;;A.3.3 Tabela A.3.3. Wynik na działalności lokacyjnej PKO TU (w tys. zł)Wynik na działalności lokacyjnejWartość w okresie 01–12.2017Wartość w okresie 01–12.2018Zmiana;z działalności lokacyjnej razem6 7178 9792 262Koszty działalności lokacyjnej razem758943185Wynik5 9598 0362 077Istotny wzrost wyniku z działalności lokacyjnej (+2 077 tys zł) to głównie efekt przychodów odsetkowych na portfelu obligacji w związku z wyższym stanem portfela w 2018 roku (pochodna wzrostu biznesu i realizacji wysokiego zysku na działalności operacyjnej) Stopa zwrotu z inwestycji (z uwzględnieniem zmian w kapitale z aktualizacji wyceny) wyniosła w 2018 roku 2,6% Na dzień 31 grudnia 2018 roku Spółka nie posiadała inwestycji związanych z sekurytyzacją A.4 Wyniki z pozostałych rodzajów działalności;11.09.2015;1;1;27;124
36;5.0;;A.3.2 Tabela A.3.2. Koszty działalności lokacyjnej PKO TU (w tys. zł)KosztyWartość w okresie 01–12.2017Wartość w okresie 01–12.2018Zmiana;z działalności lokacyjnej*758943185Obligacje państwowe739908169Depozyty inne niż ekwiwalenty środków pieniężnych193516Niezrealizowane straty000Obligacje państwowe000Sprawozdanie o wypłacalności i kondycji finansowej PKO Towarzystwa Ubezpieczeń SA;11.09.2015;1;1;27;124
37;5.0;;A.3.1 Tabela A.3.1. Przychody z działalności lokacyjnej PKO TU (w tys. zł)PrzychodyWartość w okresie 01–12.2017Wartość w okresie 01–12.2018Zmiana;z lokat*4 0236 9242 901Obligacje państwowe3 7956 7312 936Depozyty inne niż ekwiwalenty środków pieniężnych228193-35Niezrealizowane zyski 000Obligacje państwowe000Depozyty inne niż ekwiwalenty środków pieniężnych000Zmiana stanu kapitału z aktualizacji wyceny2 6942 055-639Obligacje państwowe2 6942 055-639Razem6 7178 9792 262*w tym wynik dodatni z realizacji lokatTabela A.3.2. Koszty działalności lokacyjnej PKO TU (w tys. zł);11.09.2015;1;1;27;124
38;4.0;;A.2.4 Tabela A.2.4. Informacja o wynikach z działalności operacyjnej w istotnych liniach biznesowych (w tys. zł)Ubezpieczenia pokrycia świadczeń medycznychWartość w okresie 01–12.2017Wartość w okresie 01–12.2018Zmiana;przypisana brutto74 341230 811156 470Odszkodowania i świadczenia brutto25374349Koszty działalności ubezpieczeniowej3012 2421 941Wynik techniczny ubezpieczeń2 93410 5807 646Zysk techniczny w ubezpieczeniach pokrycia świadczeń medycznych wyniósł 10 580 tys zł, co oznacza wzrost w stosunku do roku poprzedniego o 7 646 tys zł Głównym źródłem wzrostu wyniku w analizowanej linii biznesowej był wzrost poziomu biznesu i liczba polis zarabiających (obserwowany wzrost składki i kosztów działalności ubezpieczeniowej) Istotny wzrost składki przypisanej w Ubezpieczeniach pokrycia świadczeń medycznych to wpływ zmiany produktowej w ubezpieczeniach do pożyczki gotówkowej Poprzednia wersja produktu obejmowała ryzyko utraty źródła dochodu i trwałego inwalidztwa, gdzie wiodącym ryzykiem w kontekście alokacji składki było ryzyko w ubezpieczeniach różnych strat finansowych Nowa wersja produktu znacząco zmieniła charakter ubezpieczanych ryzyk tj głównym ryzykiem o największej alokacji składki jest ryzyko poważnego zachorowania (ubezpieczenie pokrycia świadczeń medycznych) Pozostałymi ryzykami (stanowiącymi mniejszość) są ryzyko utraty źródła dochodu (Ubezpieczenia różnych strat finansowych) oraz ryzyko pobytu w szpitalu w następstwie nieszczęśliwego wypadku (Ubezpieczenia na wypadek utraty dochodów) Sprawozdanie o wypłacalności i kondycji finansowej PKO Towarzystwa Ubezpieczeń SA;11.09.2015;1;1;27;124
39;4.0;;A.2.3 Tabela A.2.3. Mapa definiująca produktLinie biznesowe (Solvency II)Grupa (KNF)Nazwa (KNF)UBEZPIECZENIA ZDROWOTNE;na wypadek utraty dochodów01Ubezpieczenia wypadku, w tym wypadku przy pracy i choroby zawodowejUbezpieczenia pokrycia świadczeń medycznych02Ubezpieczenia chorobyUBEZPIECZENIA POZOSTAŁE, INNE NIŻ NA ŻYCIE;11.09.2015;1;1;27;124
40;4.0;;A.2.2 Tabela A.2.2. Informacja o wynikach z działalności operacyjnej łącznie (w tys. zł)Wartość w okresie 01–12.2017Wartość w okresie 01–12.2018Zmiana;przypisana brutto450 714586 932136 218Odszkodowania i świadczenia brutto5 85412 0546 200Koszty działalności ubezpieczeniowej25 36932 1056 736Rok 2018 (trzeci rok działalności operacyjnej) był kolejnym rokiem wzrostów w PKO TU Spółka odnotowała istotny wzrost wszystkich pozycji rachunku wyników, co było efektem zwiększenia skali działalności oraz dojrzałości portfela ubezpieczeń Składka przypisana brutto wzrosła o 136 218 tys zł (o 30,2%) Odszkodowania i świadczenia brutto wypłacone w 2018 roku (12 054 tys zł) zwiększyły dwukrotnie swą wartość w stosunku do roku 2017 Wzrost poziomu odszkodowań i świadczeń to wpływ rozwoju portfela Spółki Wyższa liczba polis w ryzyku oznacza wyższy poziom odszkodowań wypłaconych Poziom szkód wypłaconych w relacji do składki przypisanej brutto kształtował się na poziomie 2,1%, co oznacza wzrost w stosunku do roku ubiegłego o 0,8pp Wzrost współczynnika r/r oznacza wzrost ilości polis w ryzyku w bieżącym roku (znacząca część portfela Spółki to polisy wieloletnie) oraz zmianę struktury portfela ubezpieczeń w kierunku wyższego udziału ubezpieczeń leasing (GAP – ubezpieczenie utraty wartości pojazdu, mienie) charakteryzującego się odpowiednio wyższym współczynnikiem szkodowości Relatywnie niski współczynnik odszkodowań wynika głównie z pozytywnej sytuacji makroekonomicznej na rynku polskim w ostatnim roku (większość ryzyka w portfelu dotyczy ryzyka utraty pracy) Ponadto na obniżenie współczynnika ma wpływ przypis składki rejestrowanej na okres dłuższy niż 1 rok (polisy wieloletnie w portfelu), w związku z czym powyższy wskaźnik nie obrazuje wszystkich spodziewanych szkód dla portfela Wyższy poziom kosztów działalności ubezpieczeniowej w 2018 roku w porównaniu do 2017 roku wynika przede wszystkim z odpowiednio wyższych poziomów składki Poziom kosztów działalności ubezpieczeniowej w składce przypisanej brutto (5,5%) utrzymuje się na poziomie zbliżonym do współczynnika z poprzedniego roku (5,6%) Wyniki z działalności przedstawione w dalszej części dokumentu zostały zaprezentowane w podziale na linie biznesowe Solvency II, spójnie z danymi finansowymi wykazanymi w sprawozdaniu finansowym zakładu Mapa definiująca produkt wg systematyki Solvency II w podziale na grupy KNF została przedstawiona w poniższej tabeli:Sprawozdanie o wypłacalności i kondycji finansowej PKO Towarzystwa Ubezpieczeń SA;11.09.2015;1;1;27;124
41;4.0;;A.2.1 Tabela A.2.1. Wyniki finansowe brutto i netto oraz wyniki techniczne (w tys. zł)WyszczególnienieWartość w okresie 01–12.2017Wartość w okresie 01–12.2018Zmiana;techniczny ubezpieczeń10 75740 14629 389Wynik finansowy brutto12 66244 14831 486Wynik finansowy netto9 03235 21126 179Sprawozdanie o wypłacalności i kondycji finansowej PKO Towarzystwa Ubezpieczeń SA;11.09.2015;1;1;27;124
42;3.0;;A.1.2 Istotne linie biznesowe zakładu, obszary geograficzne oraz istotne zdarzenia gospodarcze;"gospodarczePKO TU powstała zgodnie ze strategią PKO Banku Polskiego w zakresie rozwoju bancassurance w Grupie Kapitałowej PKO BP Prace związane z tworzeniem nowej spółki rozpoczęły się w 2014 roku W marcu 2015 roku Towarzystwo otrzymało zezwolenie KNF na prowadzenie działalności w grupach 1, 2, 7, 8, 9, 13, 14, 15, 16, 17 i 18 Działu II (ubezpieczenia majątkowe) Na koniec 2018 roku rzeczowy zakres działalności Spółki obejmował polisy we wszystkich grupach, które mieszczą się w przedmiocie jej licencji Produkty ubezpieczeniowe w ofercie Spółki dzielą się również na następujące grupy wg klasyfikacji linii biznesowych Solvency II: • ubezpieczenia na wypadek utraty dochodów;• ubezpieczenia pokrycia świadczeń medycznych;• ubezpieczenia morskie, lotnicze i transportowe;• ubezpieczenia od ognia i innych szkód rzeczowych;• ubezpieczenia odpowiedzialności cywilnej ogólnej;• ubezpieczenia kredytów i poręczeń;• ubezpieczenia różnych strat finansowych;• ubezpieczenia kosztów ochrony prawnej;• ubezpieczenia świadczenia pomocy Spółka identyfikuje cztery istotne linie biznesu obejmujące 99,0% składki przypisanej ogółem:• ubezpieczenia pokrycia świadczeń medycznych;• ubezpieczenia różnych strat finansowych;• ubezpieczenia na wypadek utraty dochodów;• ubezpieczenia od ognia i innych szkód rzeczowych Produkty ubezpieczeniowe Spółki w 2018 roku były oferowane klientom głównie za pośrednictwem PKO Banku Polskiego i PKO Leasing na podstawie zawartych umów agencyjnych Składka przypisana brutto w 2018 roku wyniosła 586 932 tys zł, co oznacza wzrost w stosunku do 2017 roku o 30,2% Wyższa składka (o 136 217 tys zł) zrealizowana została we wszystkich liniach produktowych z największym wpływem ubezpieczeń dla klientów firmy PKO Leasing (GAP, mienie, ochrona prawna) wprowadzonych do oferty sprzedaży PKO TU w czerwcu 2017 roku oraz sprzedaży ubezpieczeń do kredytu hipotecznego jako efekt pozytywnej sytuacji na rynku mieszkaniowym w 2018 w Polsce Najwyższy udział w strukturze składki przypisanej w 2018 roku (39%) stanowiły ubezpieczenia pokrycia świadczeń medycznych, w tym głównie ubezpieczenie do spłaty kredytu hipotecznego i pożyczki gotówkowej dla klientów PKO Banku Polskiego Sprawozdanie o wypłacalności i kondycji finansowej PKO Towarzystwa Ubezpieczeń SA";11.09.2015;1;1;27;124
43;31.0;37.0;E.6 B.8 Wszelkie inne informacje;nie posiada innych, poza wykazanymi w powyższych rozdziałach, istotnych informacji dotyczących systemu zarządzania C. Profil ryzyka;11.09.2015;1;1;27;124
44;31.0;36.0;E.5 Niezgodność z minimalnym wymogiem kapitałowym i niezgodność z kapitałowym wymogiem wypłacalności;wypłacalnoścIPKO TU oświadcza, że w całym okresie sprawozdawczym nie wystąpiła niezgodność z minimalnym wymogiem kapitałowym oraz kapitałowym wymogiem wypłacalności E.6 Wszelkie inne informacje;11.09.2015;1;1;27;124
45;31.0;35.0;E.4 Różnice między formułą standardową a stosowanym modelem wewnętrznym;wewnętrznymPKO TU oświadcza, że nie korzysta z modelu wewnętrznego do obliczenia kapitałowego wymogu wypłacalności E.5 Niezgodność z minimalnym wymogiem kapitałowym i niezgodność;11.09.2015;1;1;27;124
46;31.0;34.0;E.3 Zastosowanie podmodułu ryzyka cen akcji opartego na duracji do obliczenia kapitałowego wymogu wypłacalności;wypłacalnościPKO TU oświadcza, że nie korzysta z podmodułu ryzyka cen akcji opartego na duracji do obliczenia kapitałowego wymogu wypłacalności E.4 Różnice między formułą standardową a stosowanym modelem;11.09.2015;1;1;27;124
47;31.0;33.0;E.2 Kapitałowy wymóg wypłacalności i minimalny wymóg kapitałowy;kapitałowyE.2.1 Kapitałowy wymóg wypłacalnościPKO TU do kalkulacji kapitałowego wymogu wypłacalności stosuje wyliczenia zgodne z Formułą Standardową i nie korzysta z żadnych uproszczeń przewidzianych w ramach systemu Solvency II Struktura kapitałowego wymogu wypłacalności została zaprezentowana w tabeli poniżej Tabela E.2.1. Struktura kapitałowego wymogu wypłacalności w PKO TU (w tys. zł);11.09.2015;1;1;27;124
48;31.0;32.0;E.1 Środki własne;"własneE.1.1 Zasady zarządzania środkami własnymi Głównym celem zarządzania kapitałem jest zapewnienie pozytywnej stopy zwrotu na kapitale własnym, mierzonej wskaźnikiem rentowności kapitałów własnych (ROE), oraz zapewnienie stabilności funkcjonowania Spółki z punktu widzenia jej wypłacalności, czyli:• utrzymanie kapitału na poziomie zapewniającym nie-zakłócone funkcjonowanie Spółki przy danym profilu ryzyka;• zapewnienie zgodności strategii biznesowej Spółki ze stra-tegią zarządzania kapitałem, czyli spójności planowania kapitałowego z budżetowaniem i planami strategicznymi oraz przyjętym poziomem tolerancji na ryzyko, w tym także wymogami regulacyjnymi;• zapewnienie wskaźnika pokrycia kapitałowego wymogu wypłacalności środkami własnymi (SCR) w ramach sys-temu Solvency II powyżej limitu ustawowego oraz utrzy-manie tego wskaźnika zgodnie z tolerancją na ryzyko;• efektywne wykorzystanie kapitału, które jest zapewnione poprzez: − utrzymywanie kapitału niezbędnego do sfinansowania wzrostu Spółki oraz rozszerzania działalności zgodnie ze strategią biznesową Spółki uwzględniającą właściwy poziom ROE realizowanych zadań rozwojowych, −utrzymywanie efektywnego procesu budżetowania, − zapewnienie stabilnej i efektywnej kosztowo bazy kapitałowej Planowanie kapitałowe Spółki dotyczy poniższych horyzontów czasowych:• krótkoterminowego (w odniesieniu do trzech miesięcy);• średnioterminowego (w odniesieniu do 12 miesięcy);• długoterminowego (w odniesieniu do okresu powyżej jednego roku) Proces planowania kapitałów jest przeprowadzany nie rzadziej niż raz do roku oraz za każdym razem, jeśli nastąpiły istotne zmiany w działalności Spółki (np zmiana obowiązujących regulacji, zmiana zakresu działalności) Za realizację procesu jest odpowiedzialny Dyrektor Departamentu Finansowego we współpracy z Dyrektorem Biura Zarządzania Ryzykiem oraz Zarządem Spółki Towarzystwo przygotowuje założenia do przeprowadzenia symulacji przyszłych poziomów ekspozycji na ryzyko oraz poziomu kapitałów Założenia powinny uwzględniać czynniki zewnętrzne, w tym makroekonomiczne oraz wewnętrzne, w tym przyjętą strategię rozwoju Spółki na najbliższe lata oraz poziom tolerancji na ryzyko Zarząd Spółki i Rada Nadzorcza akceptują finalną wersję budżetu i struktury kapitałowej W przypadku, gdy bieżący poziom kapitałów jest nieadekwatny w stosunku do preferowanej struktury oraz wartości kapitału, Zarząd Spółki może podjąć decyzję o:• redukcji aktywności Spółki w obszarach generujących ryzyko; i/lub• uruchomieniu awaryjnych planów kapitałowych, o których mowa w niniejszej Strategii W przypadku, gdy przekroczone zostaną limity kapitałowe, Zarząd Spółki podejmuje decyzję o uruchomieniu awaryjnego planu kapitałowego W szczególności Zarząd może rozważyć podjęcie takich działań, jak: • zmiana strategii biznesowej Spółki w celu ograniczenia ekspozycji na ryzyko i zmniejszenia wymogów kapita-łowych z tytułu ryzyka, w tym ograniczenie aktywności Spółki w obszarach generujących ryzyko;• dostosowanie polityki wypłaty dywidend;• wystąpienie do PKO Banku Polskiego o dokapitalizowanie Spółki W okresie sprawozdawczym nie nastąpiły żadne istotne zmiany dotyczące zasad zarządzania środkami własnymi E.1.2 Informacja dotycząca struktury środków";11.09.2015;1;1;27;124
49;25.0;30.0;D.5 Wszelkie inne informacje;informacjeSpółka nie posiada innych, poza wykazanymi w powyższych rozdziałach, istotnych informacji dotyczących wyceny pozycji bilansu ekonomicznego w analizowanym okresie sprawozdawczym E. Zarządzanie kapitałem;11.09.2015;1;1;27;124
50;25.0;29.0;D.4 Alternatywne metody wyceny;wycenyW okresie sprawozdawczym Spółka nie dokonała istotnych zmian w wyborze metod wyceny, przyjętych do wyceny założeń ani wykorzystywanych danych wejściowych w porównaniu do stosowanych w roku 2017 Zgodnie z art 10 Aktu Delegowanego Towarzystwo przy wycenie aktywów i zobowiązań kieruje się hierarchią wyceny Gdy zastosowanie metody wyceny według cen rynkowych notowanych na aktywnych rynkach aktywów i zobowiązań nie jest możliwe, stosuje się alternatywne metody wyceny W celu ustalania wartości godziwej aktywów i zobowiązań wykazanych w bilansie ekonomicznym Towarzystwo przyjęło założenia poparte ogólnie dostępnymi informacjami, zarówno bieżącymi, jak i historycznymi, umożliwiające sporządzenie wyceny odzwierciedlającej wartość aktywów i zobowiązań w jak najbardziej zbliżonej wielkości do wartości godziwej Towarzystwo jest świadome, że przyjęte do wyceny założenia mogą ulec zmianie w wyniku przyszłych zdarzeń wynikających ze zmian otoczenia makro- i mikroekonomicznego Poniżej przedstawiono opis zastosowanych alternatywnych metod wyceny dla istotnych kategorii aktywów i zobowiązań Spółki Nieruchomości, maszyny i wyposażenie (rzeczowe aktywa;11.09.2015;1;1;27;124
51;25.0;28.0;D.3 Inne zobowiązania;zobowiązaniaStrukturę innych zobowiązań Spółki na dzień 31 grudnia2018 roku, uwzględniającą istotne grupy zobowiązań, przedstawiono w poniższej tabeli W kolumnie „Wartość wg PSR” zaprezentowano wartości ze sprawozdania finansowego statutowego Spółki zgodnie z treścią ekonomiczną, ale bez dokonywania korekt, które byłyby konieczne w celu dostosowania tych liczb do formatu i sposobu prezentacji wymaganego w reżimie Wypłacalności II Suma zobowiązań w poniższej tabeli (PSR) odpowiada sumie zobowiązań ze sprawozdania finansowego statutowego Spółki Sprawozdanie o wypłacalności i kondycji finansowej PKO Towarzystwa Ubezpieczeń SA;11.09.2015;1;1;27;124
52;25.0;27.0;D.2 Rezerwy techniczno-ubezpieczeniowe;techniczno-ubezpieczenioweD.2.1 Wycena rezerw techniczno-ubezpieczeniowychTabela poniżej przedstawia wysokość rezerw techniczno-ubezpieczeniowych (w tys zł) w podziale na wartość najlepszego oszacowania (brutto) i margines ryzyka, w podziale na linie biznesowe Tabela D.2.1. Rezerwy techniczno-ubezpieczeniowe wg stanu na 31 grudnia 2018 roku (w tys. zł);11.09.2015;1;1;27;124
53;25.0;26.0;D.1 Aktywa;AktywaGrupa aktywów w bilansie ekonomicznym Spółki na dzień 31 grudnia 2018 roku została przedstawiona w poniższej tabeli W kolumnie „Wartość wg PSR” zaprezentowano wartości ze sprawozdania statutowego Spółki zgodnie z treścią ekonomiczną, ale bez dokonywania korekt, które byłyby konieczne w celu dostosowania tych liczb do formatu i sposobu prezentacji wymaganego w reżimie Wypłacalności II Suma aktywów w poniższej tabeli (PSR) odpowiada sumie aktywów ze sprawozdania statutowego Spółki Tabela D.1.1. Aktywa w bilansie ekonomicznym Spółki na dzień 31 grudnia 2018 roku (w tys. zł);11.09.2015;1;1;27;124
54;17.0;23.0;C.6 Pozostałe istotne ryzyka;ryzyka Na podstawie wiedzy eksperckiej zidentyfikowane zostały następujące ryzyka, nieuwzględnione w profilu ryzyka zdefiniowanym przez Formułę Standardową:• Ryzyko kapitałowe rozumiane jest jako ryzyko nieza-pewnienia odpowiedniego poziomu i struktury kapitałów własnych, w odniesieniu do skali prowadzonej przez Spółkę działalności i ekspozycji na ryzyko, a tym samym niewystarczających do absorpcji strat nieoczekiwanych z uwzględnieniem planów rozwoju i sytuacji skrajnych Jest ono zarządzane poprzez bufory na wskaźniki wy-płacalności i zdefiniowanie poziomów ostrzegawczych Proces ORSA jest skoncentrowany na zarządzanie tym ryzykiem • Ryzyko biznesowe (w tym ryzyko strategiczne) rozu-miane jest jako ryzyko nieosiągnięcia założonych celów finansowych, w tym poniesienia strat, wynikające z nie-korzystnych zmian zachodzących w otoczeniu bizneso-wym, podjęcia niekorzystnych decyzji, nieprawidłowego wprowadzenia podjętych decyzji lub braku podjęcia odpowiednich działań, które miałyby być odpowiedzią na zachodzące w otoczeniu biznesowym zmiany PKO TU nie utrzymuje kapitału na pokrycie tego ryzyka, ale zarządza nim jakościowo poprzez odpowiednie działa-nia, mające na celu ciągłe monitorowanie i ograniczanie ryzyka, w szczególności poprzez opracowywanie planów działania dla ryzyk oszacowanych jako istotne w procesie analizy PEST Ze względu na uznanie ryzyka biznesowe-go za istotne zostało ono objęte strategicznym limitem tolerancji • Ryzyko braku zgodności definiowane jest jako ryzyko po-niesienia sankcji prawnych, powstania strat finansowych, bądź utraty reputacji lub wiarygodności wskutek nieza-stosowania się Towarzystwa, pracowników Towarzystwa lub podmiotów działających w jego imieniu lub na jego rzecz do przepisów prawa, regulacji wewnętrznych, regulacji organu nadzoru oraz przyjętych przez Towarzy-stwo standardów postępowania, w tym norm etycznych Spółka deklaruje zerową tolerancję na ryzyko braku zgodności W zakresie pomiaru ryzyko braku zgodności jest częściowo objęte limitem dla ryzyka operacyjnego, o ile jego materializacja przejawia się w formie strat operacyjnych • Ryzyko modeli zdefiniowane jest jako ryzyko poniesienia strat w wyniku podejmowania błędnych decyzji bizne-sowych na podstawie funkcjonujących modeli Spółka wdrożyła procedury mające na celu szacowanie poziomu ryzyka modeli i zarządzanie nim • Ryzyko utraty reputacji definiowane jest jako ryzyko pogorszenia reputacji wśród klientów, kontrahentów, or-ganów nadzoru i kontroli oraz opinii publicznej na skutek decyzji biznesowych Towarzystwa, zdarzeń operacyjnych, przypadków braku zgodności lub innych zdarzeń Jest ono zarządzane jest jakościowo poprzez wdrożenie odpowied-nich mechanizmów Podsumowując, na podstawie jakościowej analizy profilu ryzyka PKO TU nie zostały zidentyfikowane żadne ryzyka, dla których konieczne byłoby utrzymywanie dodatkowego kapitału w ramach ogólnych potrzeb w zakresie wypłacalności, poza tymi, które są zdefiniowane poprzez Formułę Standardową Jednocześnie w roku 2018 nie zidentyfikowano innych ryzyk nieuwzględnionych w profilu ryzyka zdefiniowanym przez Formułę Standardową C.7 Wszelkie inne informacje;11.09.2015;1;1;27;124
55;17.0;22.0;C.5 Ryzyko operacyjne;"operacyjne Tabela C.5.1. Ryzyko operacyjne Typ ryzykaRyzyko operacyjne DefinicjaRyzyko operacyjne oznacza ryzyko powstania straty wynikającej z niedostosowania lub zawodności wewnętrznych procesów, ludzi, systemów lub zdarzeń zewnętrznych Szczegółowa kategoryzacja typów ryzyk określana jest przez PKO TU w odrębnej polityce zarządzania ryzykiem operacyjnym EkspozycjaIdentyfikacja ryzyka operacyjnego, tj rozpoznanie, jakie rodzaje ryzyka operacyjnego mogą się urzeczy-wistnić w działalności Towarzystwa, jest dokonywana przez:• gromadzenie danych o ryzyku operacyjnym;• samoocenę ryzyka operacyjnego;• proces oceny ryzyka inicjatyw Ekspozycja na ryzyko operacyjne jest pochodną skali prowadzonej działalności operacyjnej – wolumenu przypisu składki, liczby i jakości procesów biznesowych oraz liczby nowych inicjatyw w ramach prowa-dzonej działalności SCR Na koniec 2018 roku wymóg wyniósł 10 355 tys zł wobec 7 214 tys zł na koniec 2017 roku – łączna wartość wymogu kapitałowego dla ryzyka operacyjnego Zmiana wynikała z rozwoju skali działalności Towarzystwa Zarządzanie i techniki ograni-czania ryzykaSpółka zarządza ryzykiem operacyjnym poprzez określenie procesów i wskazanie osób za nie odpo-wiedzialnych Dodatkowo Spółka posiada zdefiniowaną strukturę organizacyjną i sprecyzowany zakres obowiązków poszczególnych jednostek organizacyjnych Spółka opracowała i na bieżąco testuje plany ciągłości działania dla procesów krytycznych, zarządza bezpieczeństwem systemów informatycznych Ryzyko operacyjne i jego potencjalny wpływ monitorowany jest w ramach procesu oceny własnej ry-zyka, a także poprzez analizę incydentów/zdarzeń operacyjnych oraz zmian w otoczeniu Spółki W razie konieczności ograniczenia ryzyka operacyjnego Spółka modyfikuje procesy oraz wdraża nowe rozwiąza-nia technologiczne Sprawozdanie o wypłacalności i kondycji finansowej PKO Towarzystwa Ubezpieczeń SA";11.09.2015;1;1;27;124
56;17.0;21.0;C.4 Ryzyko płynności;"płynności Tabela C.4.1. Ryzyko płynności Typ ryzykaRyzyko płynności DefinicjaRyzyko płynności definiowane jest jako ryzyko zakładu ubezpieczeń i reasekuracji, w wyniku którego za-kład nie jest w stanie skorzystać ze swoich inwestycji lub aktywów lub nie posiada wystarczającej kwoty aktywów w celu uregulowania zobowiązań finansowych, kiedy staną się wymagalne W szczególności obejmuje ono ryzyka: niedopasowania, finansowania i wzrostu kosztów finansowania, kryzysu płynno-ściowego, płynnościowego instrumentu finansowego, realizacji opcji, transakcyjne EkspozycjaEkspozycja na ryzyko płynności w PKO TU jest monitorowana i kształtowana zgodnie z przyjętą Strategią Zarządzania Ryzykiem Towarzystwo identyfikuje ryzyko płynności poprzez:• opracowanie i aktualizację miar płynności zdefiniowanych przez Spółkę;• systematyczny pomiar i monitoring miar płynności zgodnie z określonymi terminami; • analizę wyników testów warunków skrajnych (scenariuszy stresowych) Ekspozycja dla ryzyka płynności jest mierzona relacją płynnych papierów wartościowych (na przykład obligacje Skarbu Państwa) do wartości portfela lokat Towarzystwa Sprawozdanie o wypłacalności i kondycji finansowej PKO Towarzystwa Ubezpieczeń SA";11.09.2015;1;1;27;124
57;17.0;20.0;C.3 Ryzyko kredytowe;kredytowe Tabela C.3.1. Ryzyko kredytoweTyp ryzykaRyzyko kredytowe DefinicjaRyzyko kredytowe oznacza ryzyko niewykonania zobowiązania przez kontrahenta lub pogorszenia się zdolności kredytowej zagrażającej wykonaniu takiego zobowiązania W szczególności obejmuje ono ryzyko kredytowe reasekuratora EkspozycjaEkspozycja na ryzyka kredytowe w PKO TU jest monitorowana i kształtowana zgodnie z przyjętą Stra-tegią Zarządzania Ryzykiem Spółka nie inwestuje w obligacje korporacyjne, fundusze inwestycyjne, nie udziela pożyczek Ryzyko kredytowe związane jest głównie z ryzykiem kredytowym reasekuratorów Spółka zabezpiecza się przed tym ryzykiem poprzez dobór reasekuratorów o jak najlepszej wiarygodności kredytowej Ekspozycja dla ryzyka kredytowego jest mierzona wartością rynkową należności od poszczególnych kontrahentów SCR Na koniec 2018 roku wymóg wyniósł 5 140 tys zł wobec 3 678 tys zł na koniec 2017 roku – łączna wartość wymogu kapitałowego dla ryzyka niewykonania zobowiązania przez kontrahenta przed dywer-syfikacją Zmiana jest pochodną wzrostu wolumenu biznesu Spółki, skutkującego wzrostem wartości aktywów stanowiących ekspozycję względem reasekuratorów i Banku Zarządzanie i techniki ograni-czania ryzykaSpółka ogranicza ekspozycję na ryzyko poprzez system limitów kredytowych dla kontrahentów oraz minimalny, akceptowany poziom oceny ryzyka kredytowego kontrahenta, a także poprzez dywersyfikację W szczególności Towarzystwo współpracuje z reasekuratorami i instytucjami finansowymi o wysokiej klasie wiarygodności kredytowej (niskie prawdopodobieństwo niewywiązania się ze zobowiązania) Towarzystwo w ten sposób monitoruje ekspozycję na reasekuratorów oraz względem podmiotów banko-wych Inne miaryPomiar ryzyka kredytowego w PKO TU realizowany jest między innymi w ramach analizy limitów na linie kredytowe/inwestycje na poszczególnych kontrahentów, ratingu reasekuratora oraz corocznej analizy scenariuszy szokowych – testów stresu w ramach procesu własnej oceny ryzyka i wypłacalności Wyniki testów warunków skrajnych dla najistotniejszych ryzyk zostały zaprezentowane w rozdziale C 7 3 Monitorowanie i raporto-wanieMonitorowanie i raportowanie ryzyka kredytowego realizowane jest w postaci przygotowania i analizy cyklicznych raportów dla Zarządu, Komitetu Zarządzania Ryzykami oraz Komitetu Ryzyka przy Radzie Nadzorczej Koncentracja ryzykaSpółka nie zidentyfikowała istotnej koncentracji ryzyka kredytowego;11.09.2015;1;1;27;124
58;17.0;19.0;C.2 Ryzyko rynkowe;rynkowe Tabela C.2.1. Ryzyko rynkowe Typ ryzykaRyzyko rynkowe DefinicjaRyzyko rynkowe oznacza straty lub niekorzystne zmiany sytuacji finansowej, wynikające bezpośrednio lub pośrednio z wahań poziomu i wahań zmienności rynkowych cen aktywów i instrumentów finansowych Ryzyko rynkowe odzwierciedla również strukturalne niedopasowanie aktywów i zobowiązań, w szczegól-ności w odniesieniu do czasu ich zapadalności i wymagalności W szczególności obejmuje ono ryzyka: stopy procentowej, cen akcji, koncentracji, cen nieruchomości, spreadu i walutowe EkspozycjaEkspozycja dla ryzyka rynkowego po stronie portfela lokat Towarzystwa jest mierzona wartością rynkową dla poszczególnych klas aktywów, przy czym dla ryzyka stopy procentowej uwzględniony jest termin zapadalności dłużnych papierów wartościowych w porównaniu do terminów wymagalności zobowiązań Ze względu na kompozycję portfel lokat, w którym dominującą pozycję zajmują obligacje Skarbu Państwa i depozyty bankowe, kluczowym ryzykiem rynkowym Towarzystwa jest ryzyko stopy procentowej oraz ry-zyko koncentracji wynikające z plasowania środków w PKO Banku Polskim Spółka nie posiada aktywów denominowanych w walutach obcych ani akcji SCR Na koniec 2018 roku wymóg wyniósł 4 932 tys zł wobec 5 164 tys zł na koniec 2017 roku – łączna wartość wymogu kapitałowego dla ryzyka rynkowego przed dywersyfikacją Zmiana była konsekwencją zmniejszenia relatywnej skali szoku struktury stóp procentowych, pomimo nominalnego wzrostu wartości aktywów i zobowiązań Sprawozdanie o wypłacalności i kondycji finansowej PKO Towarzystwa Ubezpieczeń SA;11.09.2015;1;1;27;124
59;17.0;18.0;C.1 Ryzyko aktuarialne;"aktuarialne Tabela C.1.1. Ryzyko aktuarialneTyp ryzykaRyzyko aktuarialne, zwane także ubezpieczeniowym DefinicjaRyzyko ubezpieczeniowe oznacza ryzyko straty lub niekorzystnej zmiany wartości zobowiązań ubezpie-czeniowych w związku z niewłaściwymi założeniami dotyczącymi wyceny i tworzenia rezerw (w szczegól-ności rezerw techniczno-ubezpieczeniowych) Obejmuje ono głównie ryzyka: składki i rezerw, rezygnacji, katastroficzne w zakresie ubezpieczeń majątkowych i zdrowotnych EkspozycjaEkspozycja na ryzyka ubezpieczeniowe w PKO TU jest monitorowana i kształtowana zgodnie z przyjętą Strategią Zarządzania Ryzykiem Rodzaj dominującego ryzyka zależy od typu produktu:• wieloletnie umowy ubezpieczenia różnych strat finansowych, ubezpieczenia na wypadek utraty dochodów, ubezpieczenia pokrycia świadczeń medycznych – ryzyko składki i rezerw;• umowy ubezpieczenia mienia od ognia i innych szkód rzeczowych – ryzyko katastroficzne (powódź) Wartość ekspozycji na ryzyko ubezpieczeniowe reprezentowana jest poprzez wartość rezerw techniczno-ubezpieczeniowych oraz składki przypisanej powiązanych z danym typem produktu SCR Przedmiotowy wymóg wyniósł 157 717 tys zł na koniec 2018 roku wobec 110 564 tys zł na koniec 2017 roku – jest to łączna wartość wymogu kapitałowego dla ryzyka aktuarialnego przed dywersyfikacją Zmiana wynikała przede wszystkim z rozwoju portfela ubezpieczeń Zarządzanie i techniki ograni-czania ryzykaSpółka jest narażona na następujące typy ryzyka ubezpieczeniowego:• ryzyko składki i rezerw – mitygowane poprzez reasekurację proporcjonalną, konstrukcję produktów;• ryzyko katastroficzne – mitygowane poprzez reasekurację katastroficzną;• ryzyko rezygnacji z umów – mitygowane poprzez działania retencyjne Ryzyko aktuarialne zarządzane jest poprzez odpowiednią taryfikację produktów, underwriting, procedury sprzedaży produktów, analizę danych szkodowych oraz programy reasekuracyjne W przypadku nowych produktów i ryzyk Spółka dokonuje wyboru reasekuratora, zakresu ochrony, warunków reasekuracji, ewentualnie dokonuje zmiany zawartych umów reasekuracji dla modyfikowanych produktów ubezpieczeniowych i nowych ryzyk Spółka stosuje reasekurację jako technikę ograniczania ryzyka ubezpieczeniowego Poprzez program reasekuracji Towarzystwo realizuje następujące cele strategiczne:• ochrona portfela ubezpieczeń przed szkodami katastroficznymi;• stabilizacja wyników z działalności ubezpieczeniowej;• przeniesienie ryzyka dla ryzyk trudno wycenialnych (brak historii szkodowej oraz danych oficjalnych);• zwiększenie pojemności ubezpieczeniowej Reasekuracja bierna spółki PKO TU realizowana jest w oparciu o następujące umowy:• umowy reasekuracji kwotowej dla ubezpieczeń kredytu hipotecznego oraz pożyczki gotówkowej;• umowę reasekuracji katastroficznej;• umowy o świadczenia usług assistance w formie umowy reasekuracji;• umowę reasekuracji kwotowej dla ubezpieczenia przedmiotu leasingu (mienia) Przy wyborze reasekuratorów Spółka bierze pod uwagę takie czynniki, jak stabilność i reputację reasekuratora (rating reasekuratora), ocenę kredytową reasekuratora, ocenę relacji cedowanego portfela do skali działalności reasekuratora, możliwość adekwatnego zarządzenia ryzykiem płynności oraz ryzykiem niewykonania zobowiązania przez reasekuratora Monitorowanie skuteczności ograniczania ryzyka poprzez reasekurację jest realizowane przez monitoring takich parametrów, jak:• wynik Towarzystwa na reasekuracji, w podziale na produkty oraz na reasekuratorów;• wpływ stosowanej polityki reasekuracji na współczynnik pokrycia wymogu kapitałowego;• wpływ rozliczeń z reasekuratorami na sytuację płynnościową (analiza przesunięcia między datą wypłaty świadczenia przez Towarzystwo i datą uzyskania środków od reasekuratora);• analiza maksymalnych ekspozycji Towarzystwa przed i po uwzględnieniu reasekuracji na zdarzenia ubezpieczeniowe, uwzględniające kumulację ryzyk Sprawozdanie o wypłacalności i kondycji finansowej PKO Towarzystwa Ubezpieczeń SA";11.09.2015;1;1;27;124
60;8.0;15.0;B.7 B.7.2 Opis outsourcingu istotnych funkcji;"podstawie kryteriów przyjętych we wspomnianej procedurze outsourcingu PKO TU wytypowało następujące procesy zakwalifikowane jako „podstawowe lub ważne funkcje”, które zostały outsourcowane:• proces zarządzania i wyceny aktywów, realizowany zgod-nie z limitami inwestycyjnymi i zasadami zdefiniowanymi przez Towarzystwo;• proces wykonywania masowej korespondencji dla klientów;• proces świadczenia usług oceny medycznej;• proces świadczenia usług w zakresie likwidacji szkód majątkowych;• procesy realizacji świadczeń w ramach umowy assistance;• proces archiwizacji dokumentacji i nośników We wszystkich procesach outsourcowanych partnerzy dysponują zasobami niezbędnymi do realizacji czynności na odpowiednio wysokim poziomie, a alternatywne ulokowanie tych procesów po stronie Towarzystwa generowałoby nieproporcjonalnie wysokie koszty w stosunku do przewidywanych rezultatów i utrudniałoby koncentrację na obszarach kluczowych z punktu widzenia strategii Towarzystwa B.8 Wszelkie inne informacje";11.09.2015;1;1;27;124
61;8.0;14.0;B.6 Funkcja aktuarialna;"aktuarialnaFunkcja aktuarialna została wyodrębniona w strukturze organizacyjnej Towarzystwa i jest realizowana przez Dział Aktuarialny, kierowany przez Dyrektora Działu Raportuje on do Dyrektora Finansowego, który z kolei raportuje do Członka Zarządu odpowiedzialnego za Pion Wsparcia Do zadań realizowanych przez funkcję aktuarialną zgodnie z ustawą o działalności ubezpieczeniowej i reasekuracyjnej należy:• koordynacja ustalania wartości rezerw techniczno-ubez-pieczeniowych dla celów wypłacalności;Sprawozdanie o wypłacalności i kondycji finansowej PKO Towarzystwa Ubezpieczeń SA";11.09.2015;1;1;27;124
62;8.0;13.0;B.5 Funkcja audytu wewnętrznego;wewnętrznegoFunkcja audytu wewnętrznego została wyodrębniona w strukturze organizacyjnej Towarzystwa i jest realizowana przez Biuro Audytu Wewnętrznego, kierowane przez Dyrektora Biura Funkcja audytu wewnętrznego obejmuje ocenę adekwatności, efektywności i skuteczności systemu kontroli wewnętrznej oraz innych elementów zarządzania Zasady funkcjonowania audytu wewnętrznego w Towarzystwie oraz zasady realizacji zadań zostały opisane w przepisach wewnętrznych, określających m in cel i zakres przedmiotowy działalności audytu wewnętrznego, proces planowania, przygotowywania i przeprowadzania audytów Funkcja audytu wewnętrznego jest obiektywna i niezależna od funkcji operacyjnych, co jest zapewnione w Towarzystwie poprzez administracyjną podległość Biura Audytu Wewnętrznego Prezesowi Zarządu i funkcjonalną podległość Komitetowi Audytu składającego się z członków Rady Nadzorczej Towarzystwa Komitet Audytu sprawuje nadzór nad efektywnością funkcji audytu wewnętrznego Dyrektor Biura Audytu Wewnętrznego, oprócz zadań związanych z realizacją funkcji audytu wewnętrznego w Towarzystwie, nie wykonuje innych funkcji należących do systemu zarządzania Do głównych zadań funkcji audytu wewnętrznego należy opracowanie rocznego planu audytów oraz planu trzyletniego na podstawie przeprowadzonej analizy ryzyka, a następnie realizacja audytów zgodnie z przyjętym planem Plan audytów zatwierdzany jest przez Komitet Audytu Proces przeprowadzania audytu przebiega na podstawie każdorazowo przygotowanego programu audytu Jednostki objęte badaniem są formalnie informowane o terminie i zakresie audytu z odpowiednim wyprzedzeniem Realizacja każdego zadania przebiega w oparciu o spotkania i rozmowy z kluczowymi pracownikami, przegląd dokumentacji związanej z badaną tematyką oraz przeprowadzenie szczegółowych testów W wyniku zrealizowanego audytu wydawane są rekomendacje mające na celu zaadresowanie zidentyfikowanych nieprawidłowości Status realizacji poszczególnych rekomendacji podlega regularnemu monitoringowi W ramach przeprowadzanego monitoringu Biuro Audytu Wewnętrznego pozyskuje informacje oraz dokumentację potwierdzającą faktyczną realizację rekomendacji Biuro Audytu Wewnętrznego okresowo przygotowuje sprawozdania z prowadzonej działalności Kwartalnie opracowywane jest sprawozdanie na temat wyników zrealizowanych audytów oraz statusu realizacji rekomendacji i prezentowane jest na posiedzeniach Komitetu Audytu Rocznie przygotowywane jest sprawozdanie dla Komitetu Audytu podsumowujące działalność funkcji audytu wewnętrznego, w którym przedstawiane jest syntetyczne podsumowanie przeprowadzonych audytów, status realizacji rekomendacji oraz opinia audytu wewnętrznego na temat systemu kontroli wewnętrznej Niezależność funkcji audytu wewnętrznego jest zapewniona poprzez odpowiednie usytuowanie organizacyjne oraz zakres zadań Biura Audytu Wewnętrznego, które sprowadzają się wyłącznie do przeprowadzania niezależnych audytów Biuro Audytu Wewnętrznego ma zapewniony dostęp do wszelkich informacji, dokumentacji i systemów wykorzystywanych w Towarzystwie w celu realizacji zadań audytowych Ponadto powoływanie i odwoływanie osoby kierującej Biurem Audytu Wewnętrznego odbywa się za wiedzą i zgodą Komitetu Audytu Dodatkowo Dyrektor Biura Audytu Wewnętrznego ma nieograniczony dostęp do Prezesa Zarządu oraz pozostałych Członków Zarządu Towarzystwa, a także bezpośredni kontakt z Przewodniczącym Komitetu Audytu B.6 Funkcja aktuarialna;11.09.2015;1;1;27;124
63;8.0;12.0;B.4 System kontroli wewnętrznej;"wewnętrznejB.4.1 Opis systemu kontroli wewnętrznejSystem kontroli wewnętrznej w Towarzystwie opiera się na modelu trzech niezależnych, wzajemnie uzupełniających się poziomach i jest spójny z modelem zarządzania ryzykiem Został udokumentowany w regulacjach wewnętrznych przyjętych w Towarzystwie Ramy systemu są zdefiniowane we właściwych regulaminach i pisemnych strategiach Wskazane dokumenty są przyjmowane przez Zarząd i zatwierdzane przez Radę Nadzorczą System kontroli wewnętrznej obejmuje zarówno regulacje dot organizacji poszczególnych funkcji, jak i procedury administracyjne i księgowe, wymagania raportowe dotyczące różnych szczebli organizacyjnych Towarzystwa oraz funkcję zgodności Celem kontroli wewnętrznej jest uzyskanie racjonalnego zapewnienia, że działalność Towarzystwa jest prowadzona z zachowaniem:• skuteczności i wydajności prowadzonej działalności;• wiarygodności sprawozdań finansowych;• zgodności prowadzonej działalności z przepisami prawa i regulacjami wewnętrznymi;• ochrony zasobów, w tym właściwego zarządzania różnymi rodzajami ryzyka związanymi z prowadzoną działalnością Każdy z menedżerów pierwszego poziomu ma przypisane mu obowiązki w zakresie kontroli wewnętrznej Jednostki drugiego i trzeciego poziomu są organizacyjnie usytuowane w sposób zapewniający niezależność i szeroki zakres działania: • wszystkie raportują do Zarządu;• równolegle cyklicznie przedkładają raporty do Komitetu Audytu lub Komitetu Ryzyka w ramach Rady Nadzorczej;• w szerokim zakresie uczestniczą w procesach podejmo-wania decyzji (stałe uczestnictwo w pracach kadry zarzą-dzającej, członkostwo we właściwych Komitetach) Ocena jakości mechanizmów kontrolnych jest dokonywana w ramach monitoringu Biura Prawnego i Zgodności oraz w ramach audytów Biura Audytu Wewnętrznego Ważnym Sprawozdanie o wypłacalności i kondycji finansowej PKO Towarzystwa Ubezpieczeń SA";11.09.2015;1;1;27;124
64;8.0;11.0;B.3 System zarządzania ryzykiem, w tym własna ocena ryzyka i wypłacalności;"wypłacalnościB.3.1 System zarządzania ryzykiemZarządzanie ryzykiem jest jednym z najważniejszych procesów wewnętrznych zarówno w PKO TU, jak i w Grupie Kapitałowej PKO Banku Polskiego i w jej podmiocie dominującym Celem zarządzania ryzykiem poprzez dążenie do utrzymywania poziomu ryzyka w ramach przyjętego poziomu tolerancji jest:1 zapewnienie stabilności i płynności finansowej Towarzystwa,2 ochrona wartości kapitału akcjonariuszy,3 zapewnienie realizacji świadczeń i odszkodowań względem klientów,4 wsparcie Towarzystwa w prowadzeniu efektywnej działalności Cele zarządzania ryzykiem osiąga się w szczególności poprzez zapewnianie właściwej informacji o ryzyku, tak aby decyzje mogły być podejmowane z pełną świadomością ryzyk, jakie ze sobą niosą Wdrożony system zarządzania ryzykiem jest efektywny i obejmuje strategię, procesy oraz procedury sprawozdawcze konieczne do określenia, pomiaru i monitorowania ryzyk, na które jest lub może być narażone Towarzystwo, zarządzania tymi rodzajami ryzyka i sprawozdawczości w ich zakresie, w sposób ciągły, zarówno na poziomie indywidualnym, jak i zagregowanym Towarzystwo zapewnia efektywność i właściwe zintegrowanie systemu zarządzania ryzykiem ze strukturą organizacyjną oraz z procesami decyzyjnymi, z uwzględnieniem osób pełniących kluczowe funkcje System zarządzania ryzykiem obejmuje ryzyka, które należy uwzględnić w obliczeniach kapitałowego wymogu wypłacalności, oraz ryzyka nieobjęte przez Formułę Standardową Wdrożony system zarządzania ryzykiem w Spółce ma na celu zapewnienie kompleksowej, bieżącej i poprawnej informacji o ryzyku tak, aby decyzje biznesowe były podejmowane z pełną świadomością ryzyk Składa się on z następujących elementów:• identyfikacja ryzyka polegająca na rozpoznaniu aktu-alnych i potencjalnych źródeł ryzyka oraz oszacowaniu istotności jego potencjalnego wpływu na działalność Spółki W ramach identyfikacji ryzyka określane są te rodzaje ryzyka, które uznawane są za istotne oraz podle-gające monitorowaniu Spółka dokonuje oceny istotności ryzyk, czego efektem jest klasyfikacja na ryzyka: istotne, podlegające monitorowaniu lub pozostałe;• ocena lub pomiar ryzyka obejmujące określanie miar ryzyka odpowiednich do rodzaju, istotności ryzyka i do-stępności danych oraz ilościowej kwantyfikacji ryzyka za pomocą ustalonych miar, a także ocena ryzyka polega-jąca na określeniu rozmiarów lub zakresu ryzyka z punktu widzenia realizacji celów zarządzania ryzykiem W ra-mach pomiaru ryzyka przeprowadza się prace związane z wyceną ryzyk dla potrzeb polityki taryfowej oraz testy warunków skrajnych na podstawie założeń zapewniają-cych rzetelną ocenę ryzyka;• kontrola ryzyka polegające na określaniu narzędzi wykorzystywanych do diagnozowania lub ograniczania poziomu ryzyka w poszczególnych obszarach działalności Spółki Obejmuje ustalanie dostosowanych do skali i zło-żoności działalności mechanizmów kontrolnych, w szcze-gólności w postaci strategicznych limitów tolerancji Sprawozdanie o wypłacalności i kondycji finansowej PKO Towarzystwa Ubezpieczeń SA";11.09.2015;1;1;27;124
65;8.0;10.0;B.2 Wymogi dotyczące kompetencji i reputacji;reputacjiPKO TU dba o to, by osoby pełniące funkcje Prezesa Zarządu, Członków Zarządu lub wykonujące czynności w ramach innych kluczowych funkcji miały odpowiedni poziom kompetencji, biorąc pod uwagę obowiązki przypisane Sprawozdanie o wypłacalności i kondycji finansowej PKO Towarzystwa Ubezpieczeń SA;11.09.2015;1;1;27;124
66;8.0;9.0;B.1 Informacje ogólne o systemie zarządzania;"zarządzaniaB.1.1 Prezentacja organów zarządzających i nadzorujących, komitetów i kluczowych funkcjiSystem zarządzania w PKO TU zapewnia prawidłowe i bezpieczne zarządzanie prowadzoną działalnością dzięki przejrzystej strukturze organizacyjnej, odpowiednio podzielonym zakresom odpowiedzialności, efektywnym ścieżkom raportowania, sprawnym kanałom informacyjnym, ciągłemu doskonalenieniu organizacji i eliminacji nieefektywności oraz ryzyk wykraczających poza tolerancję Spółki, a także kompletności i aktualności regulacji wewnętrznych Organami Spółki są Walne Zgromadzenie, Rada Nadzorcza oraz Zarząd Skład Zarządu na dzień 31 grudnia 2018 roku:• Pan Sławomir Łopalewski – Prezes Zarządu, odpowiedzialny za obszar HR, prawny, zgodności, kontrolę wewnętrzną, administracji, audyt wewnętrzny;• Pan Tomasz Mańko – Członek Zarządu, odpowiedzialny za obszar sprzedaży, marketingu i produktów;• Pan Leszek Skop – Członek Zarządu, odpowiedzialny za obszar finansów, aktuariatu i reasekuracji, operacji i likwidacji szkód, IT, od dnia 26 lutego 2018 roku za zarządzanie ryzykiem W trakcie 2018 roku nie było zmian osobowych w Zarządzie Spółki Skład Rady Nadzorczej na dzień 31 grudnia 2018 roku:• Pan Jan Emeryk Rościszewski – Przewodniczący Rady Nadzorczej, odpowiedzialny za kierowanie pracami Rady Nadzorczej, koordynację tych prac, zwoływanie posiedzenia Rady Nadzorczej i przewodniczenie posiedzeniu Rady Nadzorczej; Pan Szymon Wałach – Wiceprzewodniczący Rady Nadzorczej, wykonuje obowiązki Przewodniczącego Rady Nadzorczej pod jego nieobecność;• Pan Mieczysław Król – Członek Rady Nadzorczej;• Pan Tomasz Belka – Członek Rady Nadzorczej;• Pan Paweł Metrycki – Członek Rady Nadzorczej;• Pan Józef Puzyna – Członek Rady Nadzorczej;• Pan Artur Kluczny – Członek Rady Nadzorczej;• Pan Rafał Roszkowski – Członek Rady Nadzorczej W trakcie 2018 roku nie było zmian osobowych w w składzie Rady Nadzorczej Spółki W dniu 18 marca 2019 r Pan Józef Puzyna złożył rezygnację z zasiadania w Radzie Nadzorczej Spółki Zarząd prowadzi sprawy Spółki i reprezentuje Spółkę, wykonuje wszelkie uprawnienia w sprawach niezastrzeżonych przez prawo lub Statut do kompetencji pozostałych organów, a w szczególności: • zatwierdza ogólne i szczególne warunki ubezpieczenia i dokonuje w nich zmiany;• uchwala taryfy stawek ubezpieczeniowych;• odpowiada za opracowanie, wprowadzenie, funkcjonowanie regulacji wewnętrznych określających sposób wykonywania przez Spółkę działalności ubezpieczeniowej, w szczególności w zakresie czynności zleconych innym podmiotom, w tym regulaminu kontroli wewnętrznej;• może, po uzyskaniu zgody Rady Nadzorczej, podjąć decyzję o wypłacie akcjonariuszom zaliczki na poczet przewidywanej dywidendy na koniec roku obrotowego, jeżeli Spółka posiada środki wystarczające na wypłatę Zarząd jest upoważniony do dysponowania na potrzeby wypłaty zaliczki środkami zgromadzonymi na kapitale zapasowym lub rezerwowych, utworzonych z zysku, bez zgody Walnego Zgromadzenia;• dokonuje czynności z zakresu prawa pracy Zarząd upoważnia dodatkowo inną osobę/osoby do wykonywania czynności w tym zakresie Rada Nadzorcza sprawuje stały nadzór nad działalnością Spółki we wszystkich dziedzinach jej działalności W szczególności do kompetencji Rady Nadzorczej należy: • zatwierdzenie rocznego planu rzeczowo-finansowego Spółki;• zatwierdzenie wieloletniego planu finansowego Spółki (strategii Spółki);• ocena sprawozdania finansowego i sprawozdania Zarządu z działalności Spółki oraz przedstawianie sprawozdania z wyników tej oceny Walnemu Zgromadzeniu;• wyznaczenie biegłego rewidenta dokonującego badania sprawozdań finansowych Spółki oraz dokonywanie oceny i informowanie o przyczynach rozwiązania umowy zawartej z biegłym rewidentem w sprawozdaniu Rady Nadzorczej z wyników oceny sprawozdań, o których mowa w art 395 § 2 pkt 1 KSH;• zatwierdzanie regulaminu w zakresie czynności zlecanych podmiotom trzecim;• zatwierdzanie uchwalanych przez Zarząd zasad funkcjonowania systemu kontroli wewnętrznej oraz strategii zarządzania ryzykiem w Spółce, włączając Strategiczne limity tolerancji;• ocena adekwatności i skuteczności systemu kontroli wewnętrznej;• ocena stosowania przez Spółkę „Zasad Ładu Korporacyjnego dla instytucji nadzorowanych”, uchwalonych przez Komisję Nadzoru Finansowego w dniu 22 lipca 2014 roku, przyjętych do stosowania przez Spółkę („Zasady ładu korporacyjnego”);Sprawozdanie o wypłacalności i kondycji finansowej PKO Towarzystwa Ubezpieczeń SA";11.09.2015;1;1;27;124
67;2.0;7.0;A.5 Wszelkie inne informacje;informacjeSpółka nie posiada innych, poza wykazanymi w powyższych rozdziałach, istotnych informacji dotyczących działalności i wyników operacyjnych w analizowanym okresie sprawozdawczym B. System zarządzania;11.09.2015;1;1;27;124
68;2.0;6.0;A.4 Wyniki z pozostałych rodzajów działalności;działalnościStrata z pozostałych rodzajów działalności PKO TU w 2018 roku w wysokości 1 978 tys zł to przede wszystkim wpływ obciążenia wynikającego z Ustawy z dnia 15 stycznia 2016 roku o podatku od niektórych instytucji finansowych (wartość podatku od aktywów za rok 2018 to 1 984 tys zł) Istotny wzrost kosztu w stosunku do 2017 roku to efekt wyższej podstawy opodatkowania (aktywa brutto) w związku z rozwojem działalności operacyjnej Spółki Tabela A.4.1. Strata z pozostałych rodzajów działalności PKO TU (w tys. zł);11.09.2015;1;1;27;124
69;2.0;5.0;A.3 Wynik z działalności lokacyjnej;lokacyjnej (inwestycyjnej)W 2018 roku Towarzystwo inwestowało w dwie kategorie lokat: bezpieczne papiery wartościowe emitowane przez Skarb Państwa (obligacje Skarbu Państwa) – 96% portfela lokat, oraz depozyty renomowanych banków – 4% portfela lokat W 2018 roku, w związku z rozwojem działalności operacyjnej, zaobserwować można istotny wzrost wolumenu aktywów inwestycyjnych (o 132 564 tys zł do 377 595 tys zł) Źródła przychodów i kosztów związanych z działalnością inwestycyjną zostały przedstawione w poniższych tabelach Tabela A.3.1. Przychody z działalności lokacyjnej PKO TU (w tys. zł);11.09.2015;1;1;27;124
70;2.0;4.0;A.2 Wynik z działalności ubezpieczeniowej;ubezpieczeniowejSpółka osiągnęła w 2018 roku zysk finansowy (netto) w wysokości 35 211 tys zł, co oznacza wynik lepszy od ubiegłego roku o 26 179 tys zł Pozytywna zmiana wynika głównie ze wzrostu skali działalności Towarzystwa (nowe produkty w ofercie sprzedaży, wyższy stan portfela ubezpieczeń w ekspozycji, wyższy stan aktywów finansowych w związku z dodatnimi przepływami operacyjnymi) Wynik techniczny ubezpieczeń w 2018 roku (40 146 tys zł) wzrósł w porównaniu do ubiegłego roku we wszystkich liniach biznesowych Głównym źródłem wzrostu był poziom składki zarobionej w okresie w związku ze wzrostem liczby polis w portfelu Wyniki finansowe brutto i netto oraz wynik techniczny ubezpieczeń w latach 2017–2018 są przedstawione w poniższej tabeli Tabela A.2.1. Wyniki finansowe brutto i netto oraz wyniki techniczne (w tys. zł);11.09.2015;1;1;27;124
71;2.0;3.0;A.1 Działalność;DziałalnośćA.1.1 Informacje ogólneTabela A.1.1. Informacje ogólneNazwa i forma prawna TowarzystwaPKO Towarzystwo Ubezpieczeń SA jest spółką wpisaną do rejestru przedsiębiorców prowadzonego przez Sąd Rejonowy dla m st Warszawy, XII Wydział Gospodarczy Krajowego Rejestru Sądowego pod numerem KRS 0000551487, NIP 527-273-41-44, REGON 361272718, o kapitale zakładowym w wysokości 25 000 tys zł w pełni opłaconym Adres: ul Chłodna 5200-872 WarszawaPolskaNazwa i dane kontak-towe organu nadzoru odpowiedzialnego za nadzór finansowy nad TowarzystwemPKO TU podlega nadzorowi KNF Adres:Plac Powstańców Warszawy 1, 00-030 WarszawaPolskaImię i nazwisko oraz dane kontaktowe biegłego rewidenta TowarzystwaJustyna Zań, biegły rewident nr 12750,Artur Chądzyński, biegły rewident nr 11541,działający w imieniu KPMG Audyt Spółka z ograniczoną odpowiedzialnością sp k nr ewidencyjny 3546 Adres:ul Inflancka 4A00-189 WarszawaInformacje dotyczące udziałowców posiada-jących znaczne pakiety akcji TowarzystwaWłaścicielem PKO TU jest PKO Bank Polski posiadający 100% akcji Spółki i 100% głosów na Walnym Zgromadzeniu Adres: ul Puławska 1502-515 WarszawaPolskaWykaz istotnych zakła-dów powiązanychPKO TU i PKO Życie są podmiotami zależnymi od PKO Banku Polskiego, który jest jedynym akcjonariuszem obu Towarzystw PKO Życie jest spółką wpisaną do rejestru przedsiębiorców prowadzonego przez Sąd Rejonowy dla m st Warszawy, XII Wydział Gospodarczy Krajowego Rejestru Sądowego pod numerem KRS 0000031094, NIP 521-04-19-914, REGON 010630940, o kapitale zakładowym w wysokości 89 308,93 tys zł w pełni opłaconym Skład Grupy Kapitałowej PKO Banku Polskiego na dzień 31 grudnia 2018 roku stanowił Bank, jako jednostka dominująca, oraz 42 spółki zależne bezpośrednio lub pośrednio Uproszczona struktura organizacyjna Grupy Kapitałowej PKO Banku Polskiego, uwzględniająca jednostki organizacyjne zależne bezpośrednio od PKO Banku Polskiego, w tym PKO TU, znajduje się na schemacie nr A 1 1 Sprawozdanie o wypłacalności i kondycji finansowej PKO Towarzystwa Ubezpieczeń SA;11.09.2015;1;1;27;124
